ID;JobFamily;JobFamilyDescription;JobClass;JobClassDescription;PayGrade;EducationLevel;Experience;OrgImpact;ProblemSolving;Supervision;ContactLevel;FinancialBudget;PG
1;1;Accounting And Finance;1;Accountant I;5;3;1;3;3;4;3;5;PG05
2;1;Accounting And Finance;2;Accountant II;6;4;1;5;4;5;7;7;PG06
3;1;Accounting And Finance;3;Accountant III;8;4;2;6;5;6;7;10;PG08
4;1;Accounting And Finance;4;Accountant IV;10;5;5;6;6;7;8;11;PG10
5;2;Administrative Support;5;Admin Support I;1;1;0;1;1;1;1;1;PG01
6;2;Administrative Support;6;Admin Support II;2;1;1;1;1;1;2;3;PG02
7;2;Administrative Support;7;Admin Support III;3;1;2;1;2;1;3;3;PG03
8;2;Administrative Support;8;Administrative Support IV;4;4;0;1;2;1;3;5;PG04
9;2;Administrative Support;9;Administrative Support V;5;4;0;4;3;5;7;7;PG05
10;3;Baker;10;Baker I;4;2;0;1;4;1;1;2;PG04
11;3;Baker;11;Baker II;6;2;0;3;4;1;6;4;PG06
12;3;Baker;12;Baker III;9;2;0;4;5;5;6;10;PG09
13;4;Buildings And Facilities;13;Facilities I;5;1;0;3;4;3;7;4;PG05
14;4;Buildings And Facilities;14;Facilities II;6;3;0;3;4;5;6;7;PG06
15;4;Buildings And Facilities;15;Facilities III;9;4;0;4;5;7;6;10;PG09
16;4;Buildings And Facilities;16;Facilities IV;10;5;0;6;6;7;8;11;PG10
17;4;Buildings And Facilities;44;Maintenance Services I;2;1;0;1;2;1;1;1;PG02
18;4;Buildings And Facilities;45;Maintenance Services II;3;1;1;1;2;1;1;1;PG03
19;4;Buildings And Facilities;46;Maintenance Services III;4;1;1;3;3;4;3;2;PG04
20;4;Buildings And Facilities;47;Maintenance Services IV;5;3;2;3;4;5;8;4;PG05
21;5;Buyer;17;Buyer II;5;2;1;3;3;4;3;5;PG05
22;5;Buyer;18;Buyer III;8;4;0;6;5;6;7;8;PG08
23;5;Buyer;19;Buyer IV;9;4;10;6;5;6;7;9;PG09
24;6;Cashier;20;Cashier I;1;1;2;2;1;2;1;1;PG01
25;6;Cashier;21;Cashier II;3;3;3;2;3;4;2;1;PG03
26;6;Cashier;22;Cashier III;6;4;2;4;4;5;7;7;PG06
27;7;Communications And Media;23;Communications I;4;2;0;1;3;4;4;1;PG04
28;7;Communications And Media;24;Communications II;5;4;0;1;2;1;3;4;PG05
29;7;Communications And Media;25;Communications III;8;5;2;5;5;6;7;10;PG08
30;7;Communications And Media;26;Photographer  I;2;1;0;1;1;1;1;1;PG02
31;7;Communications And Media;27;Photographer II;3;1;1;1;2;1;3;3;PG03
32;7;Communications And Media;28;Photographer III;5;4;0;1;3;1;4;3;PG05
33;7;Communications And Media;29;Photographer IV;7;4;0;3;4;5;7;7;PG07
34;7;Communications And Media;30;Printing II;2;1;0;1;2;1;1;1;PG02
35;7;Communications And Media;31;Printing III;4;1;0;3;3;4;5;4;PG04
36;7;Communications And Media;32;Printing IV;5;2;0;3;4;4;5;4;PG05
37;8;Corporate Research;33;Data Scientist;10;6;5;6;6;7;7;11;PG10
38;8;Corporate Research;34;Research  Analyst I;2;1;0;1;1;1;1;1;PG02
39;8;Corporate Research;35;Research  Analyst II;4;3;0;3;2;1;1;1;PG04
40;8;Corporate Research;36;Research  Analyst Iii;5;4;2;3;4;4;1;2;PG05
41;8;Corporate Research;37;Research  Analyst IV;8;6;5;4;5;6;7;11;PG08
42;9;Finance  And Accounting;38;Financial  Officer I;5;4;1;3;4;4;3;5;PG05
43;9;Finance  And Accounting;39;Financial  Officer II;6;4;2;3;4;5;6;7;PG06
44;9;Finance  And Accounting;40;Financial  Officer III;9;4;3;6;5;6;7;10;PG09
45;10;Human Resources;41;Human Resources I;5;4;2;3;3;4;3;1;PG05
46;10;Human Resources;42;Human Resources II;7;4;3;4;4;4;7;1;PG07
47;10;Human Resources;43;Human Resources III;8;5;5;6;5;4;7;10;PG08
48;11;Meat Cutter;48;Meat Cutter I;5;4;1;3;3;4;3;3;PG05
49;11;Meat Cutter;49;Meat Cutter II;7;4;3;4;4;4;7;7;PG07
50;11;Meat Cutter;50;Meat Cutter III;9;5;5;6;5;6;7;10;PG09
51;11;Meat Cutter;51;Meat Cutter IV;10;5;5;6;6;7;8;11;PG10
52;12;Produce;52;Produce I;3;1;1;3;3;4;4;2;PG03
53;12;Produce;53;Produce II;6;4;1;4;4;4;6;2;PG06
54;12;Produce;54;Produce III;7;4;3;4;4;5;6;7;PG07
55;12;Produce;55;Produce IV;9;4;5;6;5;6;6;10;PG09
56;12;Produce;56;Produce V;10;5;8;6;6;7;8;11;PG10
57;13;Secretary;57;Secretary II;3;1;2;3;2;1;2;4;PG03
58;13;Secretary;58;Secretary III;5;2;3;3;3;4;3;5;PG05
59;14;Stockkeeping;59;StockKeeper I;4;3;0;1;2;1;3;1;PG04
60;14;Stockkeeping;60;StockKeeper II;5;3;0;3;3;1;7;5;PG05
61;14;Stockkeeping;61;StockKeeper III;8;4;0;4;5;6;7;7;PG08
62;15;Systems Analyst;62;Systems Analyst I;3;1;1;1;2;1;1;1;PG03
63;15;Systems Analyst;63;Systems Analyst II;5;4;1;3;3;4;3;4;PG05
64;15;Systems Analyst;64;Systems Analyst III;6;5;2;4;4;5;7;5;PG06
65;15;Systems Analyst;65;Systems Analyst IV;8;5;5;6;5;6;7;7;PG08
66;15;Systems Analyst;66;Systems Analyst V;10;5;5;6;6;7;8;11;PG10
67;1;Accounting And Finance;1;Accountant I;5;3;1;3;3;4;3;5;PG05
68;1;Accounting And Finance;2;Accountant II;6;4;1;5;4;5;7;7;PG06
69;1;Accounting And Finance;3;Accountant III;8;4;2;6;5;6;7;10;PG08
70;1;Accounting And Finance;4;Accountant IV;10;5;5;6;6;7;8;11;PG10
71;2;Administrative Support;5;Admin Support I;1;1;0;1;1;1;1;1;PG01
72;2;Administrative Support;6;Admin Support II;2;1;1;1;1;1;2;3;PG02
73;2;Administrative Support;7;Admin Support III;3;1;2;1;2;1;3;3;PG03
74;2;Administrative Support;8;Administrative Support IV;4;4;0;1;2;1;3;5;PG04
75;2;Administrative Support;9;Administrative Support V;5;4;0;4;3;5;7;7;PG05
76;3;Baker;10;Baker I;4;2;0;1;4;1;1;2;PG04
77;3;Baker;11;Baker II;6;2;0;3;4;1;6;4;PG06
78;3;Baker;12;Baker III;9;2;0;4;5;5;6;10;PG09
79;4;Buildings And Facilities;13;Facilities I;5;1;0;3;4;3;7;4;PG05
80;4;Buildings And Facilities;14;Facilities II;6;3;0;3;4;5;6;7;PG06
81;4;Buildings And Facilities;15;Facilities III;9;4;0;4;5;7;6;10;PG09
82;4;Buildings And Facilities;16;Facilities IV;10;5;0;6;6;7;8;11;PG10
83;4;Buildings And Facilities;44;Maintenance Services I;2;1;0;1;2;1;1;1;PG02
84;4;Buildings And Facilities;45;Maintenance Services II;3;1;1;1;2;1;1;1;PG03
85;4;Buildings And Facilities;46;Maintenance Services III;4;1;1;3;3;4;3;2;PG04
86;4;Buildings And Facilities;47;Maintenance Services IV;5;3;2;3;4;5;8;4;PG05
87;5;Buyer;17;Buyer II;5;2;1;3;3;4;3;5;PG05
88;5;Buyer;18;Buyer III;8;4;0;6;5;6;7;8;PG08
89;5;Buyer;19;Buyer IV;9;4;10;6;5;6;7;9;PG09
90;6;Cashier;20;Cashier I;1;1;2;2;1;2;1;1;PG01
91;6;Cashier;21;Cashier II;3;3;3;2;3;4;2;1;PG03
92;6;Cashier;22;Cashier III;6;4;2;4;4;5;7;7;PG06
93;7;Communications And Media;23;Communications I;4;2;0;1;3;4;4;1;PG04
94;7;Communications And Media;24;Communications II;5;4;0;1;2;1;3;4;PG05
95;7;Communications And Media;25;Communications III;8;5;2;5;5;6;7;10;PG08
96;7;Communications And Media;26;Photographer  I;2;1;0;1;1;1;1;1;PG02
97;7;Communications And Media;27;Photographer II;3;1;1;1;2;1;3;3;PG03
98;7;Communications And Media;28;Photographer III;5;4;0;1;3;1;4;3;PG05
99;7;Communications And Media;29;Photographer IV;7;4;0;3;4;5;7;7;PG07
100;7;Communications And Media;30;Printing II;2;1;0;1;2;1;1;1;PG02
101;7;Communications And Media;31;Printing III;4;1;0;3;3;4;5;4;PG04
102;7;Communications And Media;32;Printing IV;5;2;0;3;4;4;5;4;PG05
103;8;Corporate Research;33;Data Scientist;10;6;5;6;6;7;7;11;PG10
104;8;Corporate Research;34;Research  Analyst I;2;1;0;1;1;1;1;1;PG02
105;8;Corporate Research;35;Research  Analyst II;4;3;0;3;2;1;1;1;PG04
106;8;Corporate Research;36;Research  Analyst Iii;5;4;2;3;4;4;1;2;PG05
107;8;Corporate Research;37;Research  Analyst IV;8;6;5;4;5;6;7;11;PG08
108;9;Finance  And Accounting;38;Financial  Officer I;5;4;1;3;4;4;3;5;PG05
109;9;Finance  And Accounting;39;Financial  Officer II;6;4;2;3;4;5;6;7;PG06
110;9;Finance  And Accounting;40;Financial  Officer III;9;4;3;6;5;6;7;10;PG09
111;10;Human Resources;41;Human Resources I;5;4;2;3;3;4;3;1;PG05
112;10;Human Resources;42;Human Resources II;7;4;3;4;4;4;7;1;PG07
113;10;Human Resources;43;Human Resources III;8;5;5;6;5;4;7;10;PG08
114;11;Meat Cutter;48;Meat Cutter I;5;4;1;3;3;4;3;3;PG05
115;11;Meat Cutter;49;Meat Cutter II;7;4;3;4;4;4;7;7;PG07
116;11;Meat Cutter;50;Meat Cutter III;9;5;5;6;5;6;7;10;PG09
117;11;Meat Cutter;51;Meat Cutter IV;10;5;5;6;6;7;8;11;PG10
118;12;Produce;52;Produce I;3;1;1;3;3;4;4;2;PG03
119;12;Produce;53;Produce II;6;4;1;4;4;4;6;2;PG06
120;12;Produce;54;Produce III;7;4;3;4;4;5;6;7;PG07
121;12;Produce;55;Produce IV;9;4;5;6;5;6;6;10;PG09
122;12;Produce;56;Produce V;10;5;8;6;6;7;8;11;PG10
123;13;Secretary;57;Secretary II;3;1;2;3;2;1;2;4;PG03
124;13;Secretary;58;Secretary III;5;2;3;3;3;4;3;5;PG05
125;14;Stockkeeping;59;StockKeeper I;4;3;0;1;2;1;3;1;PG04
126;14;Stockkeeping;60;StockKeeper II;5;3;0;3;3;1;7;5;PG05
127;14;Stockkeeping;61;StockKeeper III;8;4;0;4;5;6;7;7;PG08
128;15;Systems Analyst;62;Systems Analyst I;3;1;1;1;2;1;1;1;PG03
129;15;Systems Analyst;63;Systems Analyst II;5;4;1;3;3;4;3;4;PG05
130;15;Systems Analyst;64;Systems Analyst III;6;5;2;4;4;5;7;5;PG06
131;15;Systems Analyst;65;Systems Analyst IV;8;5;5;6;5;6;7;7;PG08
132;15;Systems Analyst;66;Systems Analyst V;10;5;5;6;6;7;8;11;PG10
133;1;Accounting And Finance;1;Accountant I;5;3;1;3;3;4;3;5;PG05
134;1;Accounting And Finance;2;Accountant II;6;4;1;5;4;5;7;7;PG06
135;1;Accounting And Finance;3;Accountant III;8;4;2;6;5;6;7;10;PG08
136;1;Accounting And Finance;4;Accountant IV;10;5;5;6;6;7;8;11;PG10
137;2;Administrative Support;5;Admin Support I;1;1;0;1;1;1;1;1;PG01
138;2;Administrative Support;6;Admin Support II;2;1;1;1;1;1;2;3;PG02
139;2;Administrative Support;7;Admin Support III;3;1;2;1;2;1;3;3;PG03
140;2;Administrative Support;8;Administrative Support IV;4;4;0;1;2;1;3;5;PG04
141;2;Administrative Support;9;Administrative Support V;5;4;0;4;3;5;7;7;PG05
142;3;Baker;10;Baker I;4;2;0;1;4;1;1;2;PG04
143;3;Baker;11;Baker II;6;2;0;3;4;1;6;4;PG06
144;3;Baker;12;Baker III;9;2;0;4;5;5;6;10;PG09
145;4;Buildings And Facilities;13;Facilities I;5;1;0;3;4;3;7;4;PG05
146;4;Buildings And Facilities;14;Facilities II;6;3;0;3;4;5;6;7;PG06
147;4;Buildings And Facilities;15;Facilities III;9;4;0;4;5;7;6;10;PG09
148;4;Buildings And Facilities;16;Facilities IV;10;5;0;6;6;7;8;11;PG10
149;4;Buildings And Facilities;44;Maintenance Services I;2;1;0;1;2;1;1;1;PG02
150;4;Buildings And Facilities;45;Maintenance Services II;3;1;1;1;2;1;1;1;PG03
151;4;Buildings And Facilities;46;Maintenance Services III;4;1;1;3;3;4;3;2;PG04
152;4;Buildings And Facilities;47;Maintenance Services IV;5;3;2;3;4;5;8;4;PG05
153;5;Buyer;17;Buyer II;5;2;1;3;3;4;3;5;PG05
154;5;Buyer;18;Buyer III;8;4;0;6;5;6;7;8;PG08
155;5;Buyer;19;Buyer IV;9;4;10;6;5;6;7;9;PG09
156;6;Cashier;20;Cashier I;1;1;2;2;1;2;1;1;PG01
157;6;Cashier;21;Cashier II;3;3;3;2;3;4;2;1;PG03
158;6;Cashier;22;Cashier III;6;4;2;4;4;5;7;7;PG06
159;7;Communications And Media;23;Communications I;4;2;0;1;3;4;4;1;PG04
160;7;Communications And Media;24;Communications II;5;4;0;1;2;1;3;4;PG05
161;7;Communications And Media;25;Communications III;8;5;2;5;5;6;7;10;PG08
162;7;Communications And Media;26;Photographer  I;2;1;0;1;1;1;1;1;PG02
163;7;Communications And Media;27;Photographer II;3;1;1;1;2;1;3;3;PG03
164;7;Communications And Media;28;Photographer III;5;4;0;1;3;1;4;3;PG05
165;7;Communications And Media;29;Photographer IV;7;4;0;3;4;5;7;7;PG07
166;7;Communications And Media;30;Printing II;2;1;0;1;2;1;1;1;PG02
167;7;Communications And Media;31;Printing III;4;1;0;3;3;4;5;4;PG04
168;7;Communications And Media;32;Printing IV;5;2;0;3;4;4;5;4;PG05
169;8;Corporate Research;33;Data Scientist;10;6;5;6;6;7;7;11;PG10
170;8;Corporate Research;34;Research  Analyst I;2;1;0;1;1;1;1;1;PG02
171;8;Corporate Research;35;Research  Analyst II;4;3;0;3;2;1;1;1;PG04
172;8;Corporate Research;36;Research  Analyst Iii;5;4;2;3;4;4;1;2;PG05
173;8;Corporate Research;37;Research  Analyst IV;8;6;5;4;5;6;7;11;PG08
174;9;Finance  And Accounting;38;Financial  Officer I;5;4;1;3;4;4;3;5;PG05
175;9;Finance  And Accounting;39;Financial  Officer II;6;4;2;3;4;5;6;7;PG06
176;9;Finance  And Accounting;40;Financial  Officer III;9;4;3;6;5;6;7;10;PG09
177;10;Human Resources;41;Human Resources I;5;4;2;3;3;4;3;1;PG05
178;10;Human Resources;42;Human Resources II;7;4;3;4;4;4;7;1;PG07
179;10;Human Resources;43;Human Resources III;8;5;5;6;5;4;7;10;PG08
180;11;Meat Cutter;48;Meat Cutter I;5;4;1;3;3;4;3;3;PG05
181;11;Meat Cutter;49;Meat Cutter II;7;4;3;4;4;4;7;7;PG07
182;11;Meat Cutter;50;Meat Cutter III;9;5;5;6;5;6;7;10;PG09
183;11;Meat Cutter;51;Meat Cutter IV;10;5;5;6;6;7;8;11;PG10
184;12;Produce;52;Produce I;3;1;1;3;3;4;4;2;PG03
185;12;Produce;53;Produce II;6;4;1;4;4;4;6;2;PG06
186;12;Produce;54;Produce III;7;4;3;4;4;5;6;7;PG07
187;12;Produce;55;Produce IV;9;4;5;6;5;6;6;10;PG09
188;12;Produce;56;Produce V;10;5;8;6;6;7;8;11;PG10
189;13;Secretary;57;Secretary II;3;1;2;3;2;1;2;4;PG03
190;13;Secretary;58;Secretary III;5;2;3;3;3;4;3;5;PG05
191;14;Stockkeeping;59;StockKeeper I;4;3;0;1;2;1;3;1;PG04
192;14;Stockkeeping;60;StockKeeper II;5;3;0;3;3;1;7;5;PG05
193;14;Stockkeeping;61;StockKeeper III;8;4;0;4;5;6;7;7;PG08
194;15;Systems Analyst;62;Systems Analyst I;3;1;1;1;2;1;1;1;PG03
195;15;Systems Analyst;63;Systems Analyst II;5;4;1;3;3;4;3;4;PG05
196;15;Systems Analyst;64;Systems Analyst III;6;5;2;4;4;5;7;5;PG06
197;15;Systems Analyst;65;Systems Analyst IV;8;5;5;6;5;6;7;7;PG08
198;15;Systems Analyst;66;Systems Analyst V;10;5;5;6;6;7;8;11;PG10
199;1;Accounting And Finance;1;Accountant I;5;3;1;3;3;4;3;5;PG05
200;1;Accounting And Finance;2;Accountant II;6;4;1;5;4;5;7;7;PG06
201;1;Accounting And Finance;3;Accountant III;8;4;2;6;5;6;7;10;PG08
202;1;Accounting And Finance;4;Accountant IV;10;5;5;6;6;7;8;11;PG10
203;2;Administrative Support;5;Admin Support I;1;1;0;1;1;1;1;1;PG01
204;2;Administrative Support;6;Admin Support II;2;1;1;1;1;1;2;3;PG02
205;2;Administrative Support;7;Admin Support III;3;1;2;1;2;1;3;3;PG03
206;2;Administrative Support;8;Administrative Support IV;4;4;0;1;2;1;3;5;PG04
207;2;Administrative Support;9;Administrative Support V;5;4;0;4;3;5;7;7;PG05
208;3;Baker;10;Baker I;4;2;0;1;4;1;1;2;PG04
209;3;Baker;11;Baker II;6;2;0;3;4;1;6;4;PG06
210;3;Baker;12;Baker III;9;2;0;4;5;5;6;10;PG09
211;4;Buildings And Facilities;13;Facilities I;5;1;0;3;4;3;7;4;PG05
212;4;Buildings And Facilities;14;Facilities II;6;3;0;3;4;5;6;7;PG06
213;4;Buildings And Facilities;15;Facilities III;9;4;0;4;5;7;6;10;PG09
214;4;Buildings And Facilities;16;Facilities IV;10;5;0;6;6;7;8;11;PG10
215;4;Buildings And Facilities;44;Maintenance Services I;2;1;0;1;2;1;1;1;PG02
216;4;Buildings And Facilities;45;Maintenance Services II;3;1;1;1;2;1;1;1;PG03
217;4;Buildings And Facilities;46;Maintenance Services III;4;1;1;3;3;4;3;2;PG04
218;4;Buildings And Facilities;47;Maintenance Services IV;5;3;2;3;4;5;8;4;PG05
219;5;Buyer;17;Buyer II;5;2;1;3;3;4;3;5;PG05
220;5;Buyer;18;Buyer III;8;4;0;6;5;6;7;8;PG08
221;5;Buyer;19;Buyer IV;9;4;10;6;5;6;7;9;PG09
222;6;Cashier;20;Cashier I;1;1;2;2;1;2;1;1;PG01
223;6;Cashier;21;Cashier II;3;3;3;2;3;4;2;1;PG03
224;6;Cashier;22;Cashier III;6;4;2;4;4;5;7;7;PG06
225;7;Communications And Media;23;Communications I;4;2;0;1;3;4;4;1;PG04
226;7;Communications And Media;24;Communications II;5;4;0;1;2;1;3;4;PG05
227;7;Communications And Media;25;Communications III;8;5;2;5;5;6;7;10;PG08
228;7;Communications And Media;26;Photographer  I;2;1;0;1;1;1;1;1;PG02
229;7;Communications And Media;27;Photographer II;3;1;1;1;2;1;3;3;PG03
230;7;Communications And Media;28;Photographer III;5;4;0;1;3;1;4;3;PG05
231;7;Communications And Media;29;Photographer IV;7;4;0;3;4;5;7;7;PG07
232;7;Communications And Media;30;Printing II;2;1;0;1;2;1;1;1;PG02
233;7;Communications And Media;31;Printing III;4;1;0;3;3;4;5;4;PG04
234;7;Communications And Media;32;Printing IV;5;2;0;3;4;4;5;4;PG05
235;8;Corporate Research;33;Data Scientist;10;6;5;6;6;7;7;11;PG10
236;8;Corporate Research;34;Research  Analyst I;2;1;0;1;1;1;1;1;PG02
237;8;Corporate Research;35;Research  Analyst II;4;3;0;3;2;1;1;1;PG04
238;8;Corporate Research;36;Research  Analyst Iii;5;4;2;3;4;4;1;2;PG05
239;8;Corporate Research;37;Research  Analyst IV;8;6;5;4;5;6;7;11;PG08
240;9;Finance  And Accounting;38;Financial  Officer I;5;4;1;3;4;4;3;5;PG05
241;9;Finance  And Accounting;39;Financial  Officer II;6;4;2;3;4;5;6;7;PG06
242;9;Finance  And Accounting;40;Financial  Officer III;9;4;3;6;5;6;7;10;PG09
243;10;Human Resources;41;Human Resources I;5;4;2;3;3;4;3;1;PG05
244;10;Human Resources;42;Human Resources II;7;4;3;4;4;4;7;1;PG07
245;10;Human Resources;43;Human Resources III;8;5;5;6;5;4;7;10;PG08
246;11;Meat Cutter;48;Meat Cutter I;5;4;1;3;3;4;3;3;PG05
247;11;Meat Cutter;49;Meat Cutter II;7;4;3;4;4;4;7;7;PG07
248;11;Meat Cutter;50;Meat Cutter III;9;5;5;6;5;6;7;10;PG09
249;11;Meat Cutter;51;Meat Cutter IV;10;5;5;6;6;7;8;11;PG10
250;12;Produce;52;Produce I;3;1;1;3;3;4;4;2;PG03
251;12;Produce;53;Produce II;6;4;1;4;4;4;6;2;PG06
252;12;Produce;54;Produce III;7;4;3;4;4;5;6;7;PG07
253;12;Produce;55;Produce IV;9;4;5;6;5;6;6;10;PG09
254;12;Produce;56;Produce V;10;5;8;6;6;7;8;11;PG10
255;13;Secretary;57;Secretary II;3;1;2;3;2;1;2;4;PG03
256;13;Secretary;58;Secretary III;5;2;3;3;3;4;3;5;PG05
257;14;Stockkeeping;59;StockKeeper I;4;3;0;1;2;1;3;1;PG04
258;14;Stockkeeping;60;StockKeeper II;5;3;0;3;3;1;7;5;PG05
259;14;Stockkeeping;61;StockKeeper III;8;4;0;4;5;6;7;7;PG08
260;15;Systems Analyst;62;Systems Analyst I;3;1;1;1;2;1;1;1;PG03
261;15;Systems Analyst;63;Systems Analyst II;5;4;1;3;3;4;3;4;PG05
262;15;Systems Analyst;64;Systems Analyst III;6;5;2;4;4;5;7;5;PG06
263;15;Systems Analyst;65;Systems Analyst IV;8;5;5;6;5;6;7;7;PG08
264;15;Systems Analyst;66;Systems Analyst V;10;5;5;6;6;7;8;11;PG10
265;1;Accounting And Finance;1;Accountant I;5;3;1;3;3;4;3;5;PG05
266;1;Accounting And Finance;2;Accountant II;6;4;1;5;4;5;7;7;PG06
267;1;Accounting And Finance;3;Accountant III;8;4;2;6;5;6;7;10;PG08
268;1;Accounting And Finance;4;Accountant IV;10;5;5;6;6;7;8;11;PG10
269;2;Administrative Support;5;Admin Support I;1;1;0;1;1;1;1;1;PG01
270;2;Administrative Support;6;Admin Support II;2;1;1;1;1;1;2;3;PG02
271;2;Administrative Support;7;Admin Support III;3;1;2;1;2;1;3;3;PG03
272;2;Administrative Support;8;Administrative Support IV;4;4;0;1;2;1;3;5;PG04
273;2;Administrative Support;9;Administrative Support V;5;4;0;4;3;5;7;7;PG05
274;3;Baker;10;Baker I;4;2;0;1;4;1;1;2;PG04
275;3;Baker;11;Baker II;6;2;0;3;4;1;6;4;PG06
276;3;Baker;12;Baker III;9;2;0;4;5;5;6;10;PG09
277;4;Buildings And Facilities;13;Facilities I;5;1;0;3;4;3;7;4;PG05
278;4;Buildings And Facilities;14;Facilities II;6;3;0;3;4;5;6;7;PG06
279;4;Buildings And Facilities;15;Facilities III;9;4;0;4;5;7;6;10;PG09
280;4;Buildings And Facilities;16;Facilities IV;10;5;0;6;6;7;8;11;PG10
281;4;Buildings And Facilities;44;Maintenance Services I;2;1;0;1;2;1;1;1;PG02
282;4;Buildings And Facilities;45;Maintenance Services II;3;1;1;1;2;1;1;1;PG03
283;4;Buildings And Facilities;46;Maintenance Services III;4;1;1;3;3;4;3;2;PG04
284;4;Buildings And Facilities;47;Maintenance Services IV;5;3;2;3;4;5;8;4;PG05
285;5;Buyer;17;Buyer II;5;2;1;3;3;4;3;5;PG05
286;5;Buyer;18;Buyer III;8;4;0;6;5;6;7;8;PG08
287;5;Buyer;19;Buyer IV;9;4;10;6;5;6;7;9;PG09
288;6;Cashier;20;Cashier I;1;1;2;2;1;2;1;1;PG01
289;6;Cashier;21;Cashier II;3;3;3;2;3;4;2;1;PG03
290;6;Cashier;22;Cashier III;6;4;2;4;4;5;7;7;PG06
291;7;Communications And Media;23;Communications I;4;2;0;1;3;4;4;1;PG04
292;7;Communications And Media;24;Communications II;5;4;0;1;2;1;3;4;PG05
293;7;Communications And Media;25;Communications III;8;5;2;5;5;6;7;10;PG08
294;7;Communications And Media;26;Photographer  I;2;1;0;1;1;1;1;1;PG02
295;7;Communications And Media;27;Photographer II;3;1;1;1;2;1;3;3;PG03
296;7;Communications And Media;28;Photographer III;5;4;0;1;3;1;4;3;PG05
297;7;Communications And Media;29;Photographer IV;7;4;0;3;4;5;7;7;PG07
298;7;Communications And Media;30;Printing II;2;1;0;1;2;1;1;1;PG02
299;7;Communications And Media;31;Printing III;4;1;0;3;3;4;5;4;PG04
300;7;Communications And Media;32;Printing IV;5;2;0;3;4;4;5;4;PG05
301;8;Corporate Research;33;Data Scientist;10;6;5;6;6;7;7;11;PG10
302;8;Corporate Research;34;Research  Analyst I;2;1;0;1;1;1;1;1;PG02
303;8;Corporate Research;35;Research  Analyst II;4;3;0;3;2;1;1;1;PG04
304;8;Corporate Research;36;Research  Analyst Iii;5;4;2;3;4;4;1;2;PG05
305;8;Corporate Research;37;Research  Analyst IV;8;6;5;4;5;6;7;11;PG08
306;9;Finance  And Accounting;38;Financial  Officer I;5;4;1;3;4;4;3;5;PG05
307;9;Finance  And Accounting;39;Financial  Officer II;6;4;2;3;4;5;6;7;PG06
308;9;Finance  And Accounting;40;Financial  Officer III;9;4;3;6;5;6;7;10;PG09
309;10;Human Resources;41;Human Resources I;5;4;2;3;3;4;3;1;PG05
310;10;Human Resources;42;Human Resources II;7;4;3;4;4;4;7;1;PG07
311;10;Human Resources;43;Human Resources III;8;5;5;6;5;4;7;10;PG08
312;11;Meat Cutter;48;Meat Cutter I;5;4;1;3;3;4;3;3;PG05
313;11;Meat Cutter;49;Meat Cutter II;7;4;3;4;4;4;7;7;PG07
314;11;Meat Cutter;50;Meat Cutter III;9;5;5;6;5;6;7;10;PG09
315;11;Meat Cutter;51;Meat Cutter IV;10;5;5;6;6;7;8;11;PG10
316;12;Produce;52;Produce I;3;1;1;3;3;4;4;2;PG03
317;12;Produce;53;Produce II;6;4;1;4;4;4;6;2;PG06
318;12;Produce;54;Produce III;7;4;3;4;4;5;6;7;PG07
319;12;Produce;55;Produce IV;9;4;5;6;5;6;6;10;PG09
320;12;Produce;56;Produce V;10;5;8;6;6;7;8;11;PG10
321;13;Secretary;57;Secretary II;3;1;2;3;2;1;2;4;PG03
322;13;Secretary;58;Secretary III;5;2;3;3;3;4;3;5;PG05
323;14;Stockkeeping;59;StockKeeper I;4;3;0;1;2;1;3;1;PG04
324;14;Stockkeeping;60;StockKeeper II;5;3;0;3;3;1;7;5;PG05
325;14;Stockkeeping;61;StockKeeper III;8;4;0;4;5;6;7;7;PG08
326;15;Systems Analyst;62;Systems Analyst I;3;1;1;1;2;1;1;1;PG03
327;15;Systems Analyst;63;Systems Analyst II;5;4;1;3;3;4;3;4;PG05
328;15;Systems Analyst;64;Systems Analyst III;6;5;2;4;4;5;7;5;PG06
329;15;Systems Analyst;65;Systems Analyst IV;8;5;5;6;5;6;7;7;PG08
330;15;Systems Analyst;66;Systems Analyst V;10;5;5;6;6;7;8;11;PG10
331;1;Accounting And Finance;1;Accountant I;5;3;1;3;3;4;3;5;PG05
332;1;Accounting And Finance;2;Accountant II;6;4;1;5;4;5;7;7;PG06
333;1;Accounting And Finance;3;Accountant III;8;4;2;6;5;6;7;10;PG08
334;1;Accounting And Finance;4;Accountant IV;10;5;5;6;6;7;8;11;PG10
335;2;Administrative Support;5;Admin Support I;1;1;0;1;1;1;1;1;PG01
336;2;Administrative Support;6;Admin Support II;2;1;1;1;1;1;2;3;PG02
337;2;Administrative Support;7;Admin Support III;3;1;2;1;2;1;3;3;PG03
338;2;Administrative Support;8;Administrative Support IV;4;4;0;1;2;1;3;5;PG04
339;2;Administrative Support;9;Administrative Support V;5;4;0;4;3;5;7;7;PG05
340;3;Baker;10;Baker I;4;2;0;1;4;1;1;2;PG04
341;3;Baker;11;Baker II;6;2;0;3;4;1;6;4;PG06
342;3;Baker;12;Baker III;9;2;0;4;5;5;6;10;PG09
343;4;Buildings And Facilities;13;Facilities I;5;1;0;3;4;3;7;4;PG05
344;4;Buildings And Facilities;14;Facilities II;6;3;0;3;4;5;6;7;PG06
345;4;Buildings And Facilities;15;Facilities III;9;4;0;4;5;7;6;10;PG09
346;4;Buildings And Facilities;16;Facilities IV;10;5;0;6;6;7;8;11;PG10
347;4;Buildings And Facilities;44;Maintenance Services I;2;1;0;1;2;1;1;1;PG02
348;4;Buildings And Facilities;45;Maintenance Services II;3;1;1;1;2;1;1;1;PG03
349;4;Buildings And Facilities;46;Maintenance Services III;4;1;1;3;3;4;3;2;PG04
350;4;Buildings And Facilities;47;Maintenance Services IV;5;3;2;3;4;5;8;4;PG05
351;5;Buyer;17;Buyer II;5;2;1;3;3;4;3;5;PG05
352;5;Buyer;18;Buyer III;8;4;0;6;5;6;7;8;PG08
353;5;Buyer;19;Buyer IV;9;4;10;6;5;6;7;9;PG09
354;6;Cashier;20;Cashier I;1;1;2;2;1;2;1;1;PG01
355;6;Cashier;21;Cashier II;3;3;3;2;3;4;2;1;PG03
356;6;Cashier;22;Cashier III;6;4;2;4;4;5;7;7;PG06
357;7;Communications And Media;23;Communications I;4;2;0;1;3;4;4;1;PG04
358;7;Communications And Media;24;Communications II;5;4;0;1;2;1;3;4;PG05
359;7;Communications And Media;25;Communications III;8;5;2;5;5;6;7;10;PG08
360;7;Communications And Media;26;Photographer  I;2;1;0;1;1;1;1;1;PG02
361;7;Communications And Media;27;Photographer II;3;1;1;1;2;1;3;3;PG03
362;7;Communications And Media;28;Photographer III;5;4;0;1;3;1;4;3;PG05
363;7;Communications And Media;29;Photographer IV;7;4;0;3;4;5;7;7;PG07
364;7;Communications And Media;30;Printing II;2;1;0;1;2;1;1;1;PG02
365;7;Communications And Media;31;Printing III;4;1;0;3;3;4;5;4;PG04
366;7;Communications And Media;32;Printing IV;5;2;0;3;4;4;5;4;PG05
367;8;Corporate Research;33;Data Scientist;10;6;5;6;6;7;7;11;PG10
368;8;Corporate Research;34;Research  Analyst I;2;1;0;1;1;1;1;1;PG02
369;8;Corporate Research;35;Research  Analyst II;4;3;0;3;2;1;1;1;PG04
370;8;Corporate Research;36;Research  Analyst Iii;5;4;2;3;4;4;1;2;PG05
371;8;Corporate Research;37;Research  Analyst IV;8;6;5;4;5;6;7;11;PG08
372;9;Finance  And Accounting;38;Financial  Officer I;5;4;1;3;4;4;3;5;PG05
373;9;Finance  And Accounting;39;Financial  Officer II;6;4;2;3;4;5;6;7;PG06
374;9;Finance  And Accounting;40;Financial  Officer III;9;4;3;6;5;6;7;10;PG09
375;10;Human Resources;41;Human Resources I;5;4;2;3;3;4;3;1;PG05
376;10;Human Resources;42;Human Resources II;7;4;3;4;4;4;7;1;PG07
377;10;Human Resources;43;Human Resources III;8;5;5;6;5;4;7;10;PG08
378;11;Meat Cutter;48;Meat Cutter I;5;4;1;3;3;4;3;3;PG05
379;11;Meat Cutter;49;Meat Cutter II;7;4;3;4;4;4;7;7;PG07
380;11;Meat Cutter;50;Meat Cutter III;9;5;5;6;5;6;7;10;PG09
381;11;Meat Cutter;51;Meat Cutter IV;10;5;5;6;6;7;8;11;PG10
382;12;Produce;52;Produce I;3;1;1;3;3;4;4;2;PG03
383;12;Produce;53;Produce II;6;4;1;4;4;4;6;2;PG06
384;12;Produce;54;Produce III;7;4;3;4;4;5;6;7;PG07
385;12;Produce;55;Produce IV;9;4;5;6;5;6;6;10;PG09
386;12;Produce;56;Produce V;10;5;8;6;6;7;8;11;PG10
387;13;Secretary;57;Secretary II;3;1;2;3;2;1;2;4;PG03
388;13;Secretary;58;Secretary III;5;2;3;3;3;4;3;5;PG05
389;14;Stockkeeping;59;StockKeeper I;4;3;0;1;2;1;3;1;PG04
390;14;Stockkeeping;60;StockKeeper II;5;3;0;3;3;1;7;5;PG05
391;14;Stockkeeping;61;StockKeeper III;8;4;0;4;5;6;7;7;PG08
392;15;Systems Analyst;62;Systems Analyst I;3;1;1;1;2;1;1;1;PG03
393;15;Systems Analyst;63;Systems Analyst II;5;4;1;3;3;4;3;4;PG05
394;15;Systems Analyst;64;Systems Analyst III;6;5;2;4;4;5;7;5;PG06
395;15;Systems Analyst;65;Systems Analyst IV;8;5;5;6;5;6;7;7;PG08
396;15;Systems Analyst;66;Systems Analyst V;10;5;5;6;6;7;8;11;PG10
397;1;Accounting And Finance;1;Accountant I;5;3;1;3;3;4;3;5;PG05
398;1;Accounting And Finance;2;Accountant II;6;4;1;5;4;5;7;7;PG06
399;1;Accounting And Finance;3;Accountant III;8;4;2;6;5;6;7;10;PG08
400;1;Accounting And Finance;4;Accountant IV;10;5;5;6;6;7;8;11;PG10
401;2;Administrative Support;5;Admin Support I;1;1;0;1;1;1;1;1;PG01
402;2;Administrative Support;6;Admin Support II;2;1;1;1;1;1;2;3;PG02
403;2;Administrative Support;7;Admin Support III;3;1;2;1;2;1;3;3;PG03
404;2;Administrative Support;8;Administrative Support IV;4;4;0;1;2;1;3;5;PG04
405;2;Administrative Support;9;Administrative Support V;5;4;0;4;3;5;7;7;PG05
406;3;Baker;10;Baker I;4;2;0;1;4;1;1;2;PG04
407;3;Baker;11;Baker II;6;2;0;3;4;1;6;4;PG06
408;3;Baker;12;Baker III;9;2;0;4;5;5;6;10;PG09
409;4;Buildings And Facilities;13;Facilities I;5;1;0;3;4;3;7;4;PG05
410;4;Buildings And Facilities;14;Facilities II;6;3;0;3;4;5;6;7;PG06
411;4;Buildings And Facilities;15;Facilities III;9;4;0;4;5;7;6;10;PG09
412;4;Buildings And Facilities;16;Facilities IV;10;5;0;6;6;7;8;11;PG10
413;4;Buildings And Facilities;44;Maintenance Services I;2;1;0;1;2;1;1;1;PG02
414;4;Buildings And Facilities;45;Maintenance Services II;3;1;1;1;2;1;1;1;PG03
415;4;Buildings And Facilities;46;Maintenance Services III;4;1;1;3;3;4;3;2;PG04
416;4;Buildings And Facilities;47;Maintenance Services IV;5;3;2;3;4;5;8;4;PG05
417;5;Buyer;17;Buyer II;5;2;1;3;3;4;3;5;PG05
418;5;Buyer;18;Buyer III;8;4;0;6;5;6;7;8;PG08
419;5;Buyer;19;Buyer IV;9;4;10;6;5;6;7;9;PG09
420;6;Cashier;20;Cashier I;1;1;2;2;1;2;1;1;PG01
421;6;Cashier;21;Cashier II;3;3;3;2;3;4;2;1;PG03
422;6;Cashier;22;Cashier III;6;4;2;4;4;5;7;7;PG06
423;7;Communications And Media;23;Communications I;4;2;0;1;3;4;4;1;PG04
424;7;Communications And Media;24;Communications II;5;4;0;1;2;1;3;4;PG05
425;7;Communications And Media;25;Communications III;8;5;2;5;5;6;7;10;PG08
426;7;Communications And Media;26;Photographer  I;2;1;0;1;1;1;1;1;PG02
427;7;Communications And Media;27;Photographer II;3;1;1;1;2;1;3;3;PG03
428;7;Communications And Media;28;Photographer III;5;4;0;1;3;1;4;3;PG05
429;7;Communications And Media;29;Photographer IV;7;4;0;3;4;5;7;7;PG07
430;7;Communications And Media;30;Printing II;2;1;0;1;2;1;1;1;PG02
431;7;Communications And Media;31;Printing III;4;1;0;3;3;4;5;4;PG04
432;7;Communications And Media;32;Printing IV;5;2;0;3;4;4;5;4;PG05
433;8;Corporate Research;33;Data Scientist;10;6;5;6;6;7;7;11;PG10
434;8;Corporate Research;34;Research  Analyst I;2;1;0;1;1;1;1;1;PG02
435;8;Corporate Research;35;Research  Analyst II;4;3;0;3;2;1;1;1;PG04
436;8;Corporate Research;36;Research  Analyst Iii;5;4;2;3;4;4;1;2;PG05
437;8;Corporate Research;37;Research  Analyst IV;8;6;5;4;5;6;7;11;PG08
438;9;Finance  And Accounting;38;Financial  Officer I;5;4;1;3;4;4;3;5;PG05
439;9;Finance  And Accounting;39;Financial  Officer II;6;4;2;3;4;5;6;7;PG06
440;9;Finance  And Accounting;40;Financial  Officer III;9;4;3;6;5;6;7;10;PG09
441;10;Human Resources;41;Human Resources I;5;4;2;3;3;4;3;1;PG05
442;10;Human Resources;42;Human Resources II;7;4;3;4;4;4;7;1;PG07
443;10;Human Resources;43;Human Resources III;8;5;5;6;5;4;7;10;PG08
444;11;Meat Cutter;48;Meat Cutter I;5;4;1;3;3;4;3;3;PG05
445;11;Meat Cutter;49;Meat Cutter II;7;4;3;4;4;4;7;7;PG07
446;11;Meat Cutter;50;Meat Cutter III;9;5;5;6;5;6;7;10;PG09
447;11;Meat Cutter;51;Meat Cutter IV;10;5;5;6;6;7;8;11;PG10
448;12;Produce;52;Produce I;3;1;1;3;3;4;4;2;PG03
449;12;Produce;53;Produce II;6;4;1;4;4;4;6;2;PG06
450;12;Produce;54;Produce III;7;4;3;4;4;5;6;7;PG07
451;12;Produce;55;Produce IV;9;4;5;6;5;6;6;10;PG09
452;12;Produce;56;Produce V;10;5;8;6;6;7;8;11;PG10
453;13;Secretary;57;Secretary II;3;1;2;3;2;1;2;4;PG03
454;13;Secretary;58;Secretary III;5;2;3;3;3;4;3;5;PG05
455;14;Stockkeeping;59;StockKeeper I;4;3;0;1;2;1;3;1;PG04
456;14;Stockkeeping;60;StockKeeper II;5;3;0;3;3;1;7;5;PG05
457;14;Stockkeeping;61;StockKeeper III;8;4;0;4;5;6;7;7;PG08
458;15;Systems Analyst;62;Systems Analyst I;3;1;1;1;2;1;1;1;PG03
459;15;Systems Analyst;63;Systems Analyst II;5;4;1;3;3;4;3;4;PG05
460;15;Systems Analyst;64;Systems Analyst III;6;5;2;4;4;5;7;5;PG06
461;15;Systems Analyst;65;Systems Analyst IV;8;5;5;6;5;6;7;7;PG08
462;15;Systems Analyst;66;Systems Analyst V;10;5;5;6;6;7;8;11;PG10
463;1;Accounting And Finance;1;Accountant I;5;3;1;3;3;4;3;5;PG05
464;1;Accounting And Finance;2;Accountant II;6;4;1;5;4;5;7;7;PG06
465;1;Accounting And Finance;3;Accountant III;8;4;2;6;5;6;7;10;PG08
466;1;Accounting And Finance;4;Accountant IV;10;5;5;6;6;7;8;11;PG10
467;2;Administrative Support;5;Admin Support I;1;1;0;1;1;1;1;1;PG01
468;2;Administrative Support;6;Admin Support II;2;1;1;1;1;1;2;3;PG02
469;2;Administrative Support;7;Admin Support III;3;1;2;1;2;1;3;3;PG03
470;2;Administrative Support;8;Administrative Support IV;4;4;0;1;2;1;3;5;PG04
471;2;Administrative Support;9;Administrative Support V;5;4;0;4;3;5;7;7;PG05
472;3;Baker;10;Baker I;4;2;0;1;4;1;1;2;PG04
473;3;Baker;11;Baker II;6;2;0;3;4;1;6;4;PG06
474;3;Baker;12;Baker III;9;2;0;4;5;5;6;10;PG09
475;4;Buildings And Facilities;13;Facilities I;5;1;0;3;4;3;7;4;PG05
476;4;Buildings And Facilities;14;Facilities II;6;3;0;3;4;5;6;7;PG06
477;4;Buildings And Facilities;15;Facilities III;9;4;0;4;5;7;6;10;PG09
478;4;Buildings And Facilities;16;Facilities IV;10;5;0;6;6;7;8;11;PG10
479;4;Buildings And Facilities;44;Maintenance Services I;2;1;0;1;2;1;1;1;PG02
480;4;Buildings And Facilities;45;Maintenance Services II;3;1;1;1;2;1;1;1;PG03
481;4;Buildings And Facilities;46;Maintenance Services III;4;1;1;3;3;4;3;2;PG04
482;4;Buildings And Facilities;47;Maintenance Services IV;5;3;2;3;4;5;8;4;PG05
483;5;Buyer;17;Buyer II;5;2;1;3;3;4;3;5;PG05
484;5;Buyer;18;Buyer III;8;4;0;6;5;6;7;8;PG08
485;5;Buyer;19;Buyer IV;9;4;10;6;5;6;7;9;PG09
486;6;Cashier;20;Cashier I;1;1;2;2;1;2;1;1;PG01
487;6;Cashier;21;Cashier II;3;3;3;2;3;4;2;1;PG03
488;6;Cashier;22;Cashier III;6;4;2;4;4;5;7;7;PG06
489;7;Communications And Media;23;Communications I;4;2;0;1;3;4;4;1;PG04
490;7;Communications And Media;24;Communications II;5;4;0;1;2;1;3;4;PG05
491;7;Communications And Media;25;Communications III;8;5;2;5;5;6;7;10;PG08
492;7;Communications And Media;26;Photographer  I;2;1;0;1;1;1;1;1;PG02
493;7;Communications And Media;27;Photographer II;3;1;1;1;2;1;3;3;PG03
494;7;Communications And Media;28;Photographer III;5;4;0;1;3;1;4;3;PG05
495;7;Communications And Media;29;Photographer IV;7;4;0;3;4;5;7;7;PG07
496;7;Communications And Media;30;Printing II;2;1;0;1;2;1;1;1;PG02
497;7;Communications And Media;31;Printing III;4;1;0;3;3;4;5;4;PG04
498;7;Communications And Media;32;Printing IV;5;2;0;3;4;4;5;4;PG05
499;8;Corporate Research;33;Data Scientist;10;6;5;6;6;7;7;11;PG10
500;8;Corporate Research;34;Research  Analyst I;2;1;0;1;1;1;1;1;PG02
501;8;Corporate Research;35;Research  Analyst II;4;3;0;3;2;1;1;1;PG04
502;8;Corporate Research;36;Research  Analyst Iii;5;4;2;3;4;4;1;2;PG05
503;8;Corporate Research;37;Research  Analyst IV;8;6;5;4;5;6;7;11;PG08
504;9;Finance  And Accounting;38;Financial  Officer I;5;4;1;3;4;4;3;5;PG05
505;9;Finance  And Accounting;39;Financial  Officer II;6;4;2;3;4;5;6;7;PG06
506;9;Finance  And Accounting;40;Financial  Officer III;9;4;3;6;5;6;7;10;PG09
507;10;Human Resources;41;Human Resources I;5;4;2;3;3;4;3;1;PG05
508;10;Human Resources;42;Human Resources II;7;4;3;4;4;4;7;1;PG07
509;10;Human Resources;43;Human Resources III;8;5;5;6;5;4;7;10;PG08
510;11;Meat Cutter;48;Meat Cutter I;5;4;1;3;3;4;3;3;PG05
511;11;Meat Cutter;49;Meat Cutter II;7;4;3;4;4;4;7;7;PG07
512;11;Meat Cutter;50;Meat Cutter III;9;5;5;6;5;6;7;10;PG09
513;11;Meat Cutter;51;Meat Cutter IV;10;5;5;6;6;7;8;11;PG10
514;12;Produce;52;Produce I;3;1;1;3;3;4;4;2;PG03
515;12;Produce;53;Produce II;6;4;1;4;4;4;6;2;PG06
516;12;Produce;54;Produce III;7;4;3;4;4;5;6;7;PG07
517;12;Produce;55;Produce IV;9;4;5;6;5;6;6;10;PG09
518;12;Produce;56;Produce V;10;5;8;6;6;7;8;11;PG10
519;13;Secretary;57;Secretary II;3;1;2;3;2;1;2;4;PG03
520;13;Secretary;58;Secretary III;5;2;3;3;3;4;3;5;PG05
521;14;Stockkeeping;59;StockKeeper I;4;3;0;1;2;1;3;1;PG04
522;14;Stockkeeping;60;StockKeeper II;5;3;0;3;3;1;7;5;PG05
523;14;Stockkeeping;61;StockKeeper III;8;4;0;4;5;6;7;7;PG08
524;15;Systems Analyst;62;Systems Analyst I;3;1;1;1;2;1;1;1;PG03
525;15;Systems Analyst;63;Systems Analyst II;5;4;1;3;3;4;3;4;PG05
526;15;Systems Analyst;64;Systems Analyst III;6;5;2;4;4;5;7;5;PG06
527;15;Systems Analyst;65;Systems Analyst IV;8;5;5;6;5;6;7;7;PG08
528;15;Systems Analyst;66;Systems Analyst V;10;5;5;6;6;7;8;11;PG10
529;1;Accounting And Finance;1;Accountant I;5;3;1;3;3;4;3;5;PG05
530;1;Accounting And Finance;2;Accountant II;6;4;1;5;4;5;7;7;PG06
531;1;Accounting And Finance;3;Accountant III;8;4;2;6;5;6;7;10;PG08
532;1;Accounting And Finance;4;Accountant IV;10;5;5;6;6;7;8;11;PG10
533;2;Administrative Support;5;Admin Support I;1;1;0;1;1;1;1;1;PG01
534;2;Administrative Support;6;Admin Support II;2;1;1;1;1;1;2;3;PG02
535;2;Administrative Support;7;Admin Support III;3;1;2;1;2;1;3;3;PG03
536;2;Administrative Support;8;Administrative Support IV;4;4;0;1;2;1;3;5;PG04
537;2;Administrative Support;9;Administrative Support V;5;4;0;4;3;5;7;7;PG05
538;3;Baker;10;Baker I;4;2;0;1;4;1;1;2;PG04
539;3;Baker;11;Baker II;6;2;0;3;4;1;6;4;PG06
540;3;Baker;12;Baker III;9;2;0;4;5;5;6;10;PG09
541;4;Buildings And Facilities;13;Facilities I;5;1;0;3;4;3;7;4;PG05
542;4;Buildings And Facilities;14;Facilities II;6;3;0;3;4;5;6;7;PG06
543;4;Buildings And Facilities;15;Facilities III;9;4;0;4;5;7;6;10;PG09
544;4;Buildings And Facilities;16;Facilities IV;10;5;0;6;6;7;8;11;PG10
545;4;Buildings And Facilities;44;Maintenance Services I;2;1;0;1;2;1;1;1;PG02
546;4;Buildings And Facilities;45;Maintenance Services II;3;1;1;1;2;1;1;1;PG03
547;4;Buildings And Facilities;46;Maintenance Services III;4;1;1;3;3;4;3;2;PG04
548;4;Buildings And Facilities;47;Maintenance Services IV;5;3;2;3;4;5;8;4;PG05
549;5;Buyer;17;Buyer II;5;2;1;3;3;4;3;5;PG05
550;5;Buyer;18;Buyer III;8;4;0;6;5;6;7;8;PG08
551;5;Buyer;19;Buyer IV;9;4;10;6;5;6;7;9;PG09
552;6;Cashier;20;Cashier I;1;1;2;2;1;2;1;1;PG01
553;6;Cashier;21;Cashier II;3;3;3;2;3;4;2;1;PG03
554;6;Cashier;22;Cashier III;6;4;2;4;4;5;7;7;PG06
555;7;Communications And Media;23;Communications I;4;2;0;1;3;4;4;1;PG04
556;7;Communications And Media;24;Communications II;5;4;0;1;2;1;3;4;PG05
557;7;Communications And Media;25;Communications III;8;5;2;5;5;6;7;10;PG08
558;7;Communications And Media;26;Photographer  I;2;1;0;1;1;1;1;1;PG02
559;7;Communications And Media;27;Photographer II;3;1;1;1;2;1;3;3;PG03
560;7;Communications And Media;28;Photographer III;5;4;0;1;3;1;4;3;PG05
561;7;Communications And Media;29;Photographer IV;7;4;0;3;4;5;7;7;PG07
562;7;Communications And Media;30;Printing II;2;1;0;1;2;1;1;1;PG02
563;7;Communications And Media;31;Printing III;4;1;0;3;3;4;5;4;PG04
564;7;Communications And Media;32;Printing IV;5;2;0;3;4;4;5;4;PG05
565;8;Corporate Research;33;Data Scientist;10;6;5;6;6;7;7;11;PG10
566;8;Corporate Research;34;Research  Analyst I;2;1;0;1;1;1;1;1;PG02
567;8;Corporate Research;35;Research  Analyst II;4;3;0;3;2;1;1;1;PG04
568;8;Corporate Research;36;Research  Analyst Iii;5;4;2;3;4;4;1;2;PG05
569;8;Corporate Research;37;Research  Analyst IV;8;6;5;4;5;6;7;11;PG08
570;9;Finance  And Accounting;38;Financial  Officer I;5;4;1;3;4;4;3;5;PG05
571;9;Finance  And Accounting;39;Financial  Officer II;6;4;2;3;4;5;6;7;PG06
572;9;Finance  And Accounting;40;Financial  Officer III;9;4;3;6;5;6;7;10;PG09
573;10;Human Resources;41;Human Resources I;5;4;2;3;3;4;3;1;PG05
574;10;Human Resources;42;Human Resources II;7;4;3;4;4;4;7;1;PG07
575;10;Human Resources;43;Human Resources III;8;5;5;6;5;4;7;10;PG08
576;11;Meat Cutter;48;Meat Cutter I;5;4;1;3;3;4;3;3;PG05
577;11;Meat Cutter;49;Meat Cutter II;7;4;3;4;4;4;7;7;PG07
578;11;Meat Cutter;50;Meat Cutter III;9;5;5;6;5;6;7;10;PG09
579;11;Meat Cutter;51;Meat Cutter IV;10;5;5;6;6;7;8;11;PG10
580;12;Produce;52;Produce I;3;1;1;3;3;4;4;2;PG03
581;12;Produce;53;Produce II;6;4;1;4;4;4;6;2;PG06
582;12;Produce;54;Produce III;7;4;3;4;4;5;6;7;PG07
583;12;Produce;55;Produce IV;9;4;5;6;5;6;6;10;PG09
584;12;Produce;56;Produce V;10;5;8;6;6;7;8;11;PG10
585;13;Secretary;57;Secretary II;3;1;2;3;2;1;2;4;PG03
586;13;Secretary;58;Secretary III;5;2;3;3;3;4;3;5;PG05
587;14;Stockkeeping;59;StockKeeper I;4;3;0;1;2;1;3;1;PG04
588;14;Stockkeeping;60;StockKeeper II;5;3;0;3;3;1;7;5;PG05
589;14;Stockkeeping;61;StockKeeper III;8;4;0;4;5;6;7;7;PG08
590;15;Systems Analyst;62;Systems Analyst I;3;1;1;1;2;1;1;1;PG03
591;15;Systems Analyst;63;Systems Analyst II;5;4;1;3;3;4;3;4;PG05
592;15;Systems Analyst;64;Systems Analyst III;6;5;2;4;4;5;7;5;PG06
593;15;Systems Analyst;65;Systems Analyst IV;8;5;5;6;5;6;7;7;PG08
594;15;Systems Analyst;66;Systems Analyst V;10;5;5;6;6;7;8;11;PG10
595;1;Accounting And Finance;1;Accountant I;5;3;1;3;3;4;3;5;PG05
596;1;Accounting And Finance;2;Accountant II;6;4;1;5;4;5;7;7;PG06
597;1;Accounting And Finance;3;Accountant III;8;4;2;6;5;6;7;10;PG08
598;1;Accounting And Finance;4;Accountant IV;10;5;5;6;6;7;8;11;PG10
599;2;Administrative Support;5;Admin Support I;1;1;0;1;1;1;1;1;PG01
600;2;Administrative Support;6;Admin Support II;2;1;1;1;1;1;2;3;PG02
601;2;Administrative Support;7;Admin Support III;3;1;2;1;2;1;3;3;PG03
602;2;Administrative Support;8;Administrative Support IV;4;4;0;1;2;1;3;5;PG04
603;2;Administrative Support;9;Administrative Support V;5;4;0;4;3;5;7;7;PG05
604;3;Baker;10;Baker I;4;2;0;1;4;1;1;2;PG04
605;3;Baker;11;Baker II;6;2;0;3;4;1;6;4;PG06
606;3;Baker;12;Baker III;9;2;0;4;5;5;6;10;PG09
607;4;Buildings And Facilities;13;Facilities I;5;1;0;3;4;3;7;4;PG05
608;4;Buildings And Facilities;14;Facilities II;6;3;0;3;4;5;6;7;PG06
609;4;Buildings And Facilities;15;Facilities III;9;4;0;4;5;7;6;10;PG09
610;4;Buildings And Facilities;16;Facilities IV;10;5;0;6;6;7;8;11;PG10
611;4;Buildings And Facilities;44;Maintenance Services I;2;1;0;1;2;1;1;1;PG02
612;4;Buildings And Facilities;45;Maintenance Services II;3;1;1;1;2;1;1;1;PG03
613;4;Buildings And Facilities;46;Maintenance Services III;4;1;1;3;3;4;3;2;PG04
614;4;Buildings And Facilities;47;Maintenance Services IV;5;3;2;3;4;5;8;4;PG05
615;5;Buyer;17;Buyer II;5;2;1;3;3;4;3;5;PG05
616;5;Buyer;18;Buyer III;8;4;0;6;5;6;7;8;PG08
617;5;Buyer;19;Buyer IV;9;4;10;6;5;6;7;9;PG09
618;6;Cashier;20;Cashier I;1;1;2;2;1;2;1;1;PG01
619;6;Cashier;21;Cashier II;3;3;3;2;3;4;2;1;PG03
620;6;Cashier;22;Cashier III;6;4;2;4;4;5;7;7;PG06
621;7;Communications And Media;23;Communications I;4;2;0;1;3;4;4;1;PG04
622;7;Communications And Media;24;Communications II;5;4;0;1;2;1;3;4;PG05
623;7;Communications And Media;25;Communications III;8;5;2;5;5;6;7;10;PG08
624;7;Communications And Media;26;Photographer  I;2;1;0;1;1;1;1;1;PG02
625;7;Communications And Media;27;Photographer II;3;1;1;1;2;1;3;3;PG03
626;7;Communications And Media;28;Photographer III;5;4;0;1;3;1;4;3;PG05
627;7;Communications And Media;29;Photographer IV;7;4;0;3;4;5;7;7;PG07
628;7;Communications And Media;30;Printing II;2;1;0;1;2;1;1;1;PG02
629;7;Communications And Media;31;Printing III;4;1;0;3;3;4;5;4;PG04
630;7;Communications And Media;32;Printing IV;5;2;0;3;4;4;5;4;PG05
631;8;Corporate Research;33;Data Scientist;10;6;5;6;6;7;7;11;PG10
632;8;Corporate Research;34;Research  Analyst I;2;1;0;1;1;1;1;1;PG02
633;8;Corporate Research;35;Research  Analyst II;4;3;0;3;2;1;1;1;PG04
634;8;Corporate Research;36;Research  Analyst Iii;5;4;2;3;4;4;1;2;PG05
635;8;Corporate Research;37;Research  Analyst IV;8;6;5;4;5;6;7;11;PG08
636;9;Finance  And Accounting;38;Financial  Officer I;5;4;1;3;4;4;3;5;PG05
637;9;Finance  And Accounting;39;Financial  Officer II;6;4;2;3;4;5;6;7;PG06
638;9;Finance  And Accounting;40;Financial  Officer III;9;4;3;6;5;6;7;10;PG09
639;10;Human Resources;41;Human Resources I;5;4;2;3;3;4;3;1;PG05
640;10;Human Resources;42;Human Resources II;7;4;3;4;4;4;7;1;PG07
641;10;Human Resources;43;Human Resources III;8;5;5;6;5;4;7;10;PG08
642;11;Meat Cutter;48;Meat Cutter I;5;4;1;3;3;4;3;3;PG05
643;11;Meat Cutter;49;Meat Cutter II;7;4;3;4;4;4;7;7;PG07
644;11;Meat Cutter;50;Meat Cutter III;9;5;5;6;5;6;7;10;PG09
645;11;Meat Cutter;51;Meat Cutter IV;10;5;5;6;6;7;8;11;PG10
646;12;Produce;52;Produce I;3;1;1;3;3;4;4;2;PG03
647;12;Produce;53;Produce II;6;4;1;4;4;4;6;2;PG06
648;12;Produce;54;Produce III;7;4;3;4;4;5;6;7;PG07
649;12;Produce;55;Produce IV;9;4;5;6;5;6;6;10;PG09
650;12;Produce;56;Produce V;10;5;8;6;6;7;8;11;PG10
651;13;Secretary;57;Secretary II;3;1;2;3;2;1;2;4;PG03
652;13;Secretary;58;Secretary III;5;2;3;3;3;4;3;5;PG05
653;14;Stockkeeping;59;StockKeeper I;4;3;0;1;2;1;3;1;PG04
654;14;Stockkeeping;60;StockKeeper II;5;3;0;3;3;1;7;5;PG05
655;14;Stockkeeping;61;StockKeeper III;8;4;0;4;5;6;7;7;PG08
656;15;Systems Analyst;62;Systems Analyst I;3;1;1;1;2;1;1;1;PG03
657;15;Systems Analyst;63;Systems Analyst II;5;4;1;3;3;4;3;4;PG05
658;15;Systems Analyst;64;Systems Analyst III;6;5;2;4;4;5;7;5;PG06
659;15;Systems Analyst;65;Systems Analyst IV;8;5;5;6;5;6;7;7;PG08
660;15;Systems Analyst;66;Systems Analyst V;10;5;5;6;6;7;8;11;PG10
661;1;Accounting And Finance;1;Accountant I;5;3;1;3;3;4;3;5;PG05
662;1;Accounting And Finance;2;Accountant II;6;4;1;5;4;5;7;7;PG06
663;1;Accounting And Finance;3;Accountant III;8;4;2;6;5;6;7;10;PG08
664;1;Accounting And Finance;4;Accountant IV;10;5;5;6;6;7;8;11;PG10
665;2;Administrative Support;5;Admin Support I;1;1;0;1;1;1;1;1;PG01
666;2;Administrative Support;6;Admin Support II;2;1;1;1;1;1;2;3;PG02
667;2;Administrative Support;7;Admin Support III;3;1;2;1;2;1;3;3;PG03
668;2;Administrative Support;8;Administrative Support IV;4;4;0;1;2;1;3;5;PG04
669;2;Administrative Support;9;Administrative Support V;5;4;0;4;3;5;7;7;PG05
670;3;Baker;10;Baker I;4;2;0;1;4;1;1;2;PG04
671;3;Baker;11;Baker II;6;2;0;3;4;1;6;4;PG06
672;3;Baker;12;Baker III;9;2;0;4;5;5;6;10;PG09
673;4;Buildings And Facilities;13;Facilities I;5;1;0;3;4;3;7;4;PG05
674;4;Buildings And Facilities;14;Facilities II;6;3;0;3;4;5;6;7;PG06
675;4;Buildings And Facilities;15;Facilities III;9;4;0;4;5;7;6;10;PG09
676;4;Buildings And Facilities;16;Facilities IV;10;5;0;6;6;7;8;11;PG10
677;4;Buildings And Facilities;44;Maintenance Services I;2;1;0;1;2;1;1;1;PG02
678;4;Buildings And Facilities;45;Maintenance Services II;3;1;1;1;2;1;1;1;PG03
679;4;Buildings And Facilities;46;Maintenance Services III;4;1;1;3;3;4;3;2;PG04
680;4;Buildings And Facilities;47;Maintenance Services IV;5;3;2;3;4;5;8;4;PG05
681;5;Buyer;17;Buyer II;5;2;1;3;3;4;3;5;PG05
682;5;Buyer;18;Buyer III;8;4;0;6;5;6;7;8;PG08
683;5;Buyer;19;Buyer IV;9;4;10;6;5;6;7;9;PG09
684;6;Cashier;20;Cashier I;1;1;2;2;1;2;1;1;PG01
685;6;Cashier;21;Cashier II;3;3;3;2;3;4;2;1;PG03
686;6;Cashier;22;Cashier III;6;4;2;4;4;5;7;7;PG06
687;7;Communications And Media;23;Communications I;4;2;0;1;3;4;4;1;PG04
688;7;Communications And Media;24;Communications II;5;4;0;1;2;1;3;4;PG05
689;7;Communications And Media;25;Communications III;8;5;2;5;5;6;7;10;PG08
690;7;Communications And Media;26;Photographer  I;2;1;0;1;1;1;1;1;PG02
691;7;Communications And Media;27;Photographer II;3;1;1;1;2;1;3;3;PG03
692;7;Communications And Media;28;Photographer III;5;4;0;1;3;1;4;3;PG05
693;7;Communications And Media;29;Photographer IV;7;4;0;3;4;5;7;7;PG07
694;7;Communications And Media;30;Printing II;2;1;0;1;2;1;1;1;PG02
695;7;Communications And Media;31;Printing III;4;1;0;3;3;4;5;4;PG04
696;7;Communications And Media;32;Printing IV;5;2;0;3;4;4;5;4;PG05
697;8;Corporate Research;33;Data Scientist;10;6;5;6;6;7;7;11;PG10
698;8;Corporate Research;34;Research  Analyst I;2;1;0;1;1;1;1;1;PG02
699;8;Corporate Research;35;Research  Analyst II;4;3;0;3;2;1;1;1;PG04
700;8;Corporate Research;36;Research  Analyst Iii;5;4;2;3;4;4;1;2;PG05
701;8;Corporate Research;37;Research  Analyst IV;8;6;5;4;5;6;7;11;PG08
702;9;Finance  And Accounting;38;Financial  Officer I;5;4;1;3;4;4;3;5;PG05
703;9;Finance  And Accounting;39;Financial  Officer II;6;4;2;3;4;5;6;7;PG06
704;9;Finance  And Accounting;40;Financial  Officer III;9;4;3;6;5;6;7;10;PG09
705;10;Human Resources;41;Human Resources I;5;4;2;3;3;4;3;1;PG05
706;10;Human Resources;42;Human Resources II;7;4;3;4;4;4;7;1;PG07
707;10;Human Resources;43;Human Resources III;8;5;5;6;5;4;7;10;PG08
708;11;Meat Cutter;48;Meat Cutter I;5;4;1;3;3;4;3;3;PG05
709;11;Meat Cutter;49;Meat Cutter II;7;4;3;4;4;4;7;7;PG07
710;11;Meat Cutter;50;Meat Cutter III;9;5;5;6;5;6;7;10;PG09
711;11;Meat Cutter;51;Meat Cutter IV;10;5;5;6;6;7;8;11;PG10
712;12;Produce;52;Produce I;3;1;1;3;3;4;4;2;PG03
713;12;Produce;53;Produce II;6;4;1;4;4;4;6;2;PG06
714;12;Produce;54;Produce III;7;4;3;4;4;5;6;7;PG07
715;12;Produce;55;Produce IV;9;4;5;6;5;6;6;10;PG09
716;12;Produce;56;Produce V;10;5;8;6;6;7;8;11;PG10
717;13;Secretary;57;Secretary II;3;1;2;3;2;1;2;4;PG03
718;13;Secretary;58;Secretary III;5;2;3;3;3;4;3;5;PG05
719;14;Stockkeeping;59;StockKeeper I;4;3;0;1;2;1;3;1;PG04
720;14;Stockkeeping;60;StockKeeper II;5;3;0;3;3;1;7;5;PG05
721;14;Stockkeeping;61;StockKeeper III;8;4;0;4;5;6;7;7;PG08
722;15;Systems Analyst;62;Systems Analyst I;3;1;1;1;2;1;1;1;PG03
723;15;Systems Analyst;63;Systems Analyst II;5;4;1;3;3;4;3;4;PG05
724;15;Systems Analyst;64;Systems Analyst III;6;5;2;4;4;5;7;5;PG06
725;15;Systems Analyst;65;Systems Analyst IV;8;5;5;6;5;6;7;7;PG08
726;15;Systems Analyst;66;Systems Analyst V;10;5;5;6;6;7;8;11;PG10
727;1;Accounting And Finance;1;Accountant I;5;3;1;3;3;4;3;5;PG05
728;1;Accounting And Finance;2;Accountant II;6;4;1;5;4;5;7;7;PG06
729;1;Accounting And Finance;3;Accountant III;8;4;2;6;5;6;7;10;PG08
730;1;Accounting And Finance;4;Accountant IV;10;5;5;6;6;7;8;11;PG10
731;2;Administrative Support;5;Admin Support I;1;1;0;1;1;1;1;1;PG01
732;2;Administrative Support;6;Admin Support II;2;1;1;1;1;1;2;3;PG02
733;2;Administrative Support;7;Admin Support III;3;1;2;1;2;1;3;3;PG03
734;2;Administrative Support;8;Administrative Support IV;4;4;0;1;2;1;3;5;PG04
735;2;Administrative Support;9;Administrative Support V;5;4;0;4;3;5;7;7;PG05
736;3;Baker;10;Baker I;4;2;0;1;4;1;1;2;PG04
737;3;Baker;11;Baker II;6;2;0;3;4;1;6;4;PG06
738;3;Baker;12;Baker III;9;2;0;4;5;5;6;10;PG09
739;4;Buildings And Facilities;13;Facilities I;5;1;0;3;4;3;7;4;PG05
740;4;Buildings And Facilities;14;Facilities II;6;3;0;3;4;5;6;7;PG06
741;4;Buildings And Facilities;15;Facilities III;9;4;0;4;5;7;6;10;PG09
742;4;Buildings And Facilities;16;Facilities IV;10;5;0;6;6;7;8;11;PG10
743;4;Buildings And Facilities;44;Maintenance Services I;2;1;0;1;2;1;1;1;PG02
744;4;Buildings And Facilities;45;Maintenance Services II;3;1;1;1;2;1;1;1;PG03
745;4;Buildings And Facilities;46;Maintenance Services III;4;1;1;3;3;4;3;2;PG04
746;4;Buildings And Facilities;47;Maintenance Services IV;5;3;2;3;4;5;8;4;PG05
747;5;Buyer;17;Buyer II;5;2;1;3;3;4;3;5;PG05
748;5;Buyer;18;Buyer III;8;4;0;6;5;6;7;8;PG08
749;5;Buyer;19;Buyer IV;9;4;10;6;5;6;7;9;PG09
750;6;Cashier;20;Cashier I;1;1;2;2;1;2;1;1;PG01
751;6;Cashier;21;Cashier II;3;3;3;2;3;4;2;1;PG03
752;6;Cashier;22;Cashier III;6;4;2;4;4;5;7;7;PG06
753;7;Communications And Media;23;Communications I;4;2;0;1;3;4;4;1;PG04
754;7;Communications And Media;24;Communications II;5;4;0;1;2;1;3;4;PG05
755;7;Communications And Media;25;Communications III;8;5;2;5;5;6;7;10;PG08
756;7;Communications And Media;26;Photographer  I;2;1;0;1;1;1;1;1;PG02
757;7;Communications And Media;27;Photographer II;3;1;1;1;2;1;3;3;PG03
758;7;Communications And Media;28;Photographer III;5;4;0;1;3;1;4;3;PG05
759;7;Communications And Media;29;Photographer IV;7;4;0;3;4;5;7;7;PG07
760;7;Communications And Media;30;Printing II;2;1;0;1;2;1;1;1;PG02
761;7;Communications And Media;31;Printing III;4;1;0;3;3;4;5;4;PG04
762;7;Communications And Media;32;Printing IV;5;2;0;3;4;4;5;4;PG05
763;8;Corporate Research;33;Data Scientist;10;6;5;6;6;7;7;11;PG10
764;8;Corporate Research;34;Research  Analyst I;2;1;0;1;1;1;1;1;PG02
765;8;Corporate Research;35;Research  Analyst II;4;3;0;3;2;1;1;1;PG04
766;8;Corporate Research;36;Research  Analyst Iii;5;4;2;3;4;4;1;2;PG05
767;8;Corporate Research;37;Research  Analyst IV;8;6;5;4;5;6;7;11;PG08
768;9;Finance  And Accounting;38;Financial  Officer I;5;4;1;3;4;4;3;5;PG05
769;9;Finance  And Accounting;39;Financial  Officer II;6;4;2;3;4;5;6;7;PG06
770;9;Finance  And Accounting;40;Financial  Officer III;9;4;3;6;5;6;7;10;PG09
771;10;Human Resources;41;Human Resources I;5;4;2;3;3;4;3;1;PG05
772;10;Human Resources;42;Human Resources II;7;4;3;4;4;4;7;1;PG07
773;10;Human Resources;43;Human Resources III;8;5;5;6;5;4;7;10;PG08
774;11;Meat Cutter;48;Meat Cutter I;5;4;1;3;3;4;3;3;PG05
775;11;Meat Cutter;49;Meat Cutter II;7;4;3;4;4;4;7;7;PG07
776;11;Meat Cutter;50;Meat Cutter III;9;5;5;6;5;6;7;10;PG09
777;11;Meat Cutter;51;Meat Cutter IV;10;5;5;6;6;7;8;11;PG10
778;12;Produce;52;Produce I;3;1;1;3;3;4;4;2;PG03
779;12;Produce;53;Produce II;6;4;1;4;4;4;6;2;PG06
780;12;Produce;54;Produce III;7;4;3;4;4;5;6;7;PG07
781;12;Produce;55;Produce IV;9;4;5;6;5;6;6;10;PG09
782;12;Produce;56;Produce V;10;5;8;6;6;7;8;11;PG10
783;13;Secretary;57;Secretary II;3;1;2;3;2;1;2;4;PG03
784;13;Secretary;58;Secretary III;5;2;3;3;3;4;3;5;PG05
785;14;Stockkeeping;59;StockKeeper I;4;3;0;1;2;1;3;1;PG04
786;14;Stockkeeping;60;StockKeeper II;5;3;0;3;3;1;7;5;PG05
787;14;Stockkeeping;61;StockKeeper III;8;4;0;4;5;6;7;7;PG08
788;15;Systems Analyst;62;Systems Analyst I;3;1;1;1;2;1;1;1;PG03
789;15;Systems Analyst;63;Systems Analyst II;5;4;1;3;3;4;3;4;PG05
790;15;Systems Analyst;64;Systems Analyst III;6;5;2;4;4;5;7;5;PG06
791;15;Systems Analyst;65;Systems Analyst IV;8;5;5;6;5;6;7;7;PG08
792;15;Systems Analyst;66;Systems Analyst V;10;5;5;6;6;7;8;11;PG10
793;1;Accounting And Finance;1;Accountant I;5;3;1;3;3;4;3;5;PG05
794;1;Accounting And Finance;2;Accountant II;6;4;1;5;4;5;7;7;PG06
795;1;Accounting And Finance;3;Accountant III;8;4;2;6;5;6;7;10;PG08
796;1;Accounting And Finance;4;Accountant IV;10;5;5;6;6;7;8;11;PG10
797;2;Administrative Support;5;Admin Support I;1;1;0;1;1;1;1;1;PG01
798;2;Administrative Support;6;Admin Support II;2;1;1;1;1;1;2;3;PG02
799;2;Administrative Support;7;Admin Support III;3;1;2;1;2;1;3;3;PG03
800;2;Administrative Support;8;Administrative Support IV;4;4;0;1;2;1;3;5;PG04
801;2;Administrative Support;9;Administrative Support V;5;4;0;4;3;5;7;7;PG05
802;3;Baker;10;Baker I;4;2;0;1;4;1;1;2;PG04
803;3;Baker;11;Baker II;6;2;0;3;4;1;6;4;PG06
804;3;Baker;12;Baker III;9;2;0;4;5;5;6;10;PG09
805;4;Buildings And Facilities;13;Facilities I;5;1;0;3;4;3;7;4;PG05
806;4;Buildings And Facilities;14;Facilities II;6;3;0;3;4;5;6;7;PG06
807;4;Buildings And Facilities;15;Facilities III;9;4;0;4;5;7;6;10;PG09
808;4;Buildings And Facilities;16;Facilities IV;10;5;0;6;6;7;8;11;PG10
809;4;Buildings And Facilities;44;Maintenance Services I;2;1;0;1;2;1;1;1;PG02
810;4;Buildings And Facilities;45;Maintenance Services II;3;1;1;1;2;1;1;1;PG03
811;4;Buildings And Facilities;46;Maintenance Services III;4;1;1;3;3;4;3;2;PG04
812;4;Buildings And Facilities;47;Maintenance Services IV;5;3;2;3;4;5;8;4;PG05
813;5;Buyer;17;Buyer II;5;2;1;3;3;4;3;5;PG05
814;5;Buyer;18;Buyer III;8;4;0;6;5;6;7;8;PG08
815;5;Buyer;19;Buyer IV;9;4;10;6;5;6;7;9;PG09
816;6;Cashier;20;Cashier I;1;1;2;2;1;2;1;1;PG01
817;6;Cashier;21;Cashier II;3;3;3;2;3;4;2;1;PG03
818;6;Cashier;22;Cashier III;6;4;2;4;4;5;7;7;PG06
819;7;Communications And Media;23;Communications I;4;2;0;1;3;4;4;1;PG04
820;7;Communications And Media;24;Communications II;5;4;0;1;2;1;3;4;PG05
821;7;Communications And Media;25;Communications III;8;5;2;5;5;6;7;10;PG08
822;7;Communications And Media;26;Photographer  I;2;1;0;1;1;1;1;1;PG02
823;7;Communications And Media;27;Photographer II;3;1;1;1;2;1;3;3;PG03
824;7;Communications And Media;28;Photographer III;5;4;0;1;3;1;4;3;PG05
825;7;Communications And Media;29;Photographer IV;7;4;0;3;4;5;7;7;PG07
826;7;Communications And Media;30;Printing II;2;1;0;1;2;1;1;1;PG02
827;7;Communications And Media;31;Printing III;4;1;0;3;3;4;5;4;PG04
828;7;Communications And Media;32;Printing IV;5;2;0;3;4;4;5;4;PG05
829;8;Corporate Research;33;Data Scientist;10;6;5;6;6;7;7;11;PG10
830;8;Corporate Research;34;Research  Analyst I;2;1;0;1;1;1;1;1;PG02
831;8;Corporate Research;35;Research  Analyst II;4;3;0;3;2;1;1;1;PG04
832;8;Corporate Research;36;Research  Analyst Iii;5;4;2;3;4;4;1;2;PG05
833;8;Corporate Research;37;Research  Analyst IV;8;6;5;4;5;6;7;11;PG08
834;9;Finance  And Accounting;38;Financial  Officer I;5;4;1;3;4;4;3;5;PG05
835;9;Finance  And Accounting;39;Financial  Officer II;6;4;2;3;4;5;6;7;PG06
836;9;Finance  And Accounting;40;Financial  Officer III;9;4;3;6;5;6;7;10;PG09
837;10;Human Resources;41;Human Resources I;5;4;2;3;3;4;3;1;PG05
838;10;Human Resources;42;Human Resources II;7;4;3;4;4;4;7;1;PG07
839;10;Human Resources;43;Human Resources III;8;5;5;6;5;4;7;10;PG08
840;11;Meat Cutter;48;Meat Cutter I;5;4;1;3;3;4;3;3;PG05
841;11;Meat Cutter;49;Meat Cutter II;7;4;3;4;4;4;7;7;PG07
842;11;Meat Cutter;50;Meat Cutter III;9;5;5;6;5;6;7;10;PG09
843;11;Meat Cutter;51;Meat Cutter IV;10;5;5;6;6;7;8;11;PG10
844;12;Produce;52;Produce I;3;1;1;3;3;4;4;2;PG03
845;12;Produce;53;Produce II;6;4;1;4;4;4;6;2;PG06
846;12;Produce;54;Produce III;7;4;3;4;4;5;6;7;PG07
847;12;Produce;55;Produce IV;9;4;5;6;5;6;6;10;PG09
848;12;Produce;56;Produce V;10;5;8;6;6;7;8;11;PG10
849;13;Secretary;57;Secretary II;3;1;2;3;2;1;2;4;PG03
850;13;Secretary;58;Secretary III;5;2;3;3;3;4;3;5;PG05
851;14;Stockkeeping;59;StockKeeper I;4;3;0;1;2;1;3;1;PG04
852;14;Stockkeeping;60;StockKeeper II;5;3;0;3;3;1;7;5;PG05
853;14;Stockkeeping;61;StockKeeper III;8;4;0;4;5;6;7;7;PG08
854;15;Systems Analyst;62;Systems Analyst I;3;1;1;1;2;1;1;1;PG03
855;15;Systems Analyst;63;Systems Analyst II;5;4;1;3;3;4;3;4;PG05
856;15;Systems Analyst;64;Systems Analyst III;6;5;2;4;4;5;7;5;PG06
857;15;Systems Analyst;65;Systems Analyst IV;8;5;5;6;5;6;7;7;PG08
858;15;Systems Analyst;66;Systems Analyst V;10;5;5;6;6;7;8;11;PG10
859;1;Accounting And Finance;1;Accountant I;5;3;1;3;3;4;3;5;PG05
860;1;Accounting And Finance;2;Accountant II;6;4;1;5;4;5;7;7;PG06
861;1;Accounting And Finance;3;Accountant III;8;4;2;6;5;6;7;10;PG08
862;1;Accounting And Finance;4;Accountant IV;10;5;5;6;6;7;8;11;PG10
863;2;Administrative Support;5;Admin Support I;1;1;0;1;1;1;1;1;PG01
864;2;Administrative Support;6;Admin Support II;2;1;1;1;1;1;2;3;PG02
865;2;Administrative Support;7;Admin Support III;3;1;2;1;2;1;3;3;PG03
866;2;Administrative Support;8;Administrative Support IV;4;4;0;1;2;1;3;5;PG04
867;2;Administrative Support;9;Administrative Support V;5;4;0;4;3;5;7;7;PG05
868;3;Baker;10;Baker I;4;2;0;1;4;1;1;2;PG04
869;3;Baker;11;Baker II;6;2;0;3;4;1;6;4;PG06
870;3;Baker;12;Baker III;9;2;0;4;5;5;6;10;PG09
871;4;Buildings And Facilities;13;Facilities I;5;1;0;3;4;3;7;4;PG05
872;4;Buildings And Facilities;14;Facilities II;6;3;0;3;4;5;6;7;PG06
873;4;Buildings And Facilities;15;Facilities III;9;4;0;4;5;7;6;10;PG09
874;4;Buildings And Facilities;16;Facilities IV;10;5;0;6;6;7;8;11;PG10
875;4;Buildings And Facilities;44;Maintenance Services I;2;1;0;1;2;1;1;1;PG02
876;4;Buildings And Facilities;45;Maintenance Services II;3;1;1;1;2;1;1;1;PG03
877;4;Buildings And Facilities;46;Maintenance Services III;4;1;1;3;3;4;3;2;PG04
878;4;Buildings And Facilities;47;Maintenance Services IV;5;3;2;3;4;5;8;4;PG05
879;5;Buyer;17;Buyer II;5;2;1;3;3;4;3;5;PG05
880;5;Buyer;18;Buyer III;8;4;0;6;5;6;7;8;PG08
881;5;Buyer;19;Buyer IV;9;4;10;6;5;6;7;9;PG09
882;6;Cashier;20;Cashier I;1;1;2;2;1;2;1;1;PG01
883;6;Cashier;21;Cashier II;3;3;3;2;3;4;2;1;PG03
884;6;Cashier;22;Cashier III;6;4;2;4;4;5;7;7;PG06
885;7;Communications And Media;23;Communications I;4;2;0;1;3;4;4;1;PG04
886;7;Communications And Media;24;Communications II;5;4;0;1;2;1;3;4;PG05
887;7;Communications And Media;25;Communications III;8;5;2;5;5;6;7;10;PG08
888;7;Communications And Media;26;Photographer  I;2;1;0;1;1;1;1;1;PG02
889;7;Communications And Media;27;Photographer II;3;1;1;1;2;1;3;3;PG03
890;7;Communications And Media;28;Photographer III;5;4;0;1;3;1;4;3;PG05
891;7;Communications And Media;29;Photographer IV;7;4;0;3;4;5;7;7;PG07
892;7;Communications And Media;30;Printing II;2;1;0;1;2;1;1;1;PG02
893;7;Communications And Media;31;Printing III;4;1;0;3;3;4;5;4;PG04
894;7;Communications And Media;32;Printing IV;5;2;0;3;4;4;5;4;PG05
895;8;Corporate Research;33;Data Scientist;10;6;5;6;6;7;7;11;PG10
896;8;Corporate Research;34;Research  Analyst I;2;1;0;1;1;1;1;1;PG02
897;8;Corporate Research;35;Research  Analyst II;4;3;0;3;2;1;1;1;PG04
898;8;Corporate Research;36;Research  Analyst Iii;5;4;2;3;4;4;1;2;PG05
899;8;Corporate Research;37;Research  Analyst IV;8;6;5;4;5;6;7;11;PG08
900;9;Finance  And Accounting;38;Financial  Officer I;5;4;1;3;4;4;3;5;PG05
901;9;Finance  And Accounting;39;Financial  Officer II;6;4;2;3;4;5;6;7;PG06
902;9;Finance  And Accounting;40;Financial  Officer III;9;4;3;6;5;6;7;10;PG09
903;10;Human Resources;41;Human Resources I;5;4;2;3;3;4;3;1;PG05
904;10;Human Resources;42;Human Resources II;7;4;3;4;4;4;7;1;PG07
905;10;Human Resources;43;Human Resources III;8;5;5;6;5;4;7;10;PG08
906;11;Meat Cutter;48;Meat Cutter I;5;4;1;3;3;4;3;3;PG05
907;11;Meat Cutter;49;Meat Cutter II;7;4;3;4;4;4;7;7;PG07
908;11;Meat Cutter;50;Meat Cutter III;9;5;5;6;5;6;7;10;PG09
909;11;Meat Cutter;51;Meat Cutter IV;10;5;5;6;6;7;8;11;PG10
910;12;Produce;52;Produce I;3;1;1;3;3;4;4;2;PG03
911;12;Produce;53;Produce II;6;4;1;4;4;4;6;2;PG06
912;12;Produce;54;Produce III;7;4;3;4;4;5;6;7;PG07
913;12;Produce;55;Produce IV;9;4;5;6;5;6;6;10;PG09
914;12;Produce;56;Produce V;10;5;8;6;6;7;8;11;PG10
915;13;Secretary;57;Secretary II;3;1;2;3;2;1;2;4;PG03
916;13;Secretary;58;Secretary III;5;2;3;3;3;4;3;5;PG05
917;14;Stockkeeping;59;StockKeeper I;4;3;0;1;2;1;3;1;PG04
918;14;Stockkeeping;60;StockKeeper II;5;3;0;3;3;1;7;5;PG05
919;14;Stockkeeping;61;StockKeeper III;8;4;0;4;5;6;7;7;PG08
920;15;Systems Analyst;62;Systems Analyst I;3;1;1;1;2;1;1;1;PG03
921;15;Systems Analyst;63;Systems Analyst II;5;4;1;3;3;4;3;4;PG05
922;15;Systems Analyst;64;Systems Analyst III;6;5;2;4;4;5;7;5;PG06
923;15;Systems Analyst;65;Systems Analyst IV;8;5;5;6;5;6;7;7;PG08
924;15;Systems Analyst;66;Systems Analyst V;10;5;5;6;6;7;8;11;PG10
925;1;Accounting And Finance;1;Accountant I;5;3;1;3;3;4;3;5;PG05
926;1;Accounting And Finance;2;Accountant II;6;4;1;5;4;5;7;7;PG06
927;1;Accounting And Finance;3;Accountant III;8;4;2;6;5;6;7;10;PG08
928;1;Accounting And Finance;4;Accountant IV;10;5;5;6;6;7;8;11;PG10
929;2;Administrative Support;5;Admin Support I;1;1;0;1;1;1;1;1;PG01
930;2;Administrative Support;6;Admin Support II;2;1;1;1;1;1;2;3;PG02
931;2;Administrative Support;7;Admin Support III;3;1;2;1;2;1;3;3;PG03
932;2;Administrative Support;8;Administrative Support IV;4;4;0;1;2;1;3;5;PG04
933;2;Administrative Support;9;Administrative Support V;5;4;0;4;3;5;7;7;PG05
934;3;Baker;10;Baker I;4;2;0;1;4;1;1;2;PG04
935;3;Baker;11;Baker II;6;2;0;3;4;1;6;4;PG06
936;3;Baker;12;Baker III;9;2;0;4;5;5;6;10;PG09
937;4;Buildings And Facilities;13;Facilities I;5;1;0;3;4;3;7;4;PG05
938;4;Buildings And Facilities;14;Facilities II;6;3;0;3;4;5;6;7;PG06
939;4;Buildings And Facilities;15;Facilities III;9;4;0;4;5;7;6;10;PG09
940;4;Buildings And Facilities;16;Facilities IV;10;5;0;6;6;7;8;11;PG10
941;4;Buildings And Facilities;44;Maintenance Services I;2;1;0;1;2;1;1;1;PG02
942;4;Buildings And Facilities;45;Maintenance Services II;3;1;1;1;2;1;1;1;PG03
943;4;Buildings And Facilities;46;Maintenance Services III;4;1;1;3;3;4;3;2;PG04
944;4;Buildings And Facilities;47;Maintenance Services IV;5;3;2;3;4;5;8;4;PG05
945;5;Buyer;17;Buyer II;5;2;1;3;3;4;3;5;PG05
946;5;Buyer;18;Buyer III;8;4;0;6;5;6;7;8;PG08
947;5;Buyer;19;Buyer IV;9;4;10;6;5;6;7;9;PG09
948;6;Cashier;20;Cashier I;1;1;2;2;1;2;1;1;PG01
949;6;Cashier;21;Cashier II;3;3;3;2;3;4;2;1;PG03
950;6;Cashier;22;Cashier III;6;4;2;4;4;5;7;7;PG06
951;7;Communications And Media;23;Communications I;4;2;0;1;3;4;4;1;PG04
952;7;Communications And Media;24;Communications II;5;4;0;1;2;1;3;4;PG05
953;7;Communications And Media;25;Communications III;8;5;2;5;5;6;7;10;PG08
954;7;Communications And Media;26;Photographer  I;2;1;0;1;1;1;1;1;PG02
955;7;Communications And Media;27;Photographer II;3;1;1;1;2;1;3;3;PG03
956;7;Communications And Media;28;Photographer III;5;4;0;1;3;1;4;3;PG05
957;7;Communications And Media;29;Photographer IV;7;4;0;3;4;5;7;7;PG07
958;7;Communications And Media;30;Printing II;2;1;0;1;2;1;1;1;PG02
959;7;Communications And Media;31;Printing III;4;1;0;3;3;4;5;4;PG04
960;7;Communications And Media;32;Printing IV;5;2;0;3;4;4;5;4;PG05
961;8;Corporate Research;33;Data Scientist;10;6;5;6;6;7;7;11;PG10
962;8;Corporate Research;34;Research  Analyst I;2;1;0;1;1;1;1;1;PG02
963;8;Corporate Research;35;Research  Analyst II;4;3;0;3;2;1;1;1;PG04
964;8;Corporate Research;36;Research  Analyst Iii;5;4;2;3;4;4;1;2;PG05
965;8;Corporate Research;37;Research  Analyst IV;8;6;5;4;5;6;7;11;PG08
966;9;Finance  And Accounting;38;Financial  Officer I;5;4;1;3;4;4;3;5;PG05
967;9;Finance  And Accounting;39;Financial  Officer II;6;4;2;3;4;5;6;7;PG06
968;9;Finance  And Accounting;40;Financial  Officer III;9;4;3;6;5;6;7;10;PG09
969;10;Human Resources;41;Human Resources I;5;4;2;3;3;4;3;1;PG05
970;10;Human Resources;42;Human Resources II;7;4;3;4;4;4;7;1;PG07
971;10;Human Resources;43;Human Resources III;8;5;5;6;5;4;7;10;PG08
972;11;Meat Cutter;48;Meat Cutter I;5;4;1;3;3;4;3;3;PG05
973;11;Meat Cutter;49;Meat Cutter II;7;4;3;4;4;4;7;7;PG07
974;11;Meat Cutter;50;Meat Cutter III;9;5;5;6;5;6;7;10;PG09
975;11;Meat Cutter;51;Meat Cutter IV;10;5;5;6;6;7;8;11;PG10
976;12;Produce;52;Produce I;3;1;1;3;3;4;4;2;PG03
977;12;Produce;53;Produce II;6;4;1;4;4;4;6;2;PG06
978;12;Produce;54;Produce III;7;4;3;4;4;5;6;7;PG07
979;12;Produce;55;Produce IV;9;4;5;6;5;6;6;10;PG09
980;12;Produce;56;Produce V;10;5;8;6;6;7;8;11;PG10
981;13;Secretary;57;Secretary II;3;1;2;3;2;1;2;4;PG03
982;13;Secretary;58;Secretary III;5;2;3;3;3;4;3;5;PG05
983;14;Stockkeeping;59;StockKeeper I;4;3;0;1;2;1;3;1;PG04
984;14;Stockkeeping;60;StockKeeper II;5;3;0;3;3;1;7;5;PG05
985;14;Stockkeeping;61;StockKeeper III;8;4;0;4;5;6;7;7;PG08
986;15;Systems Analyst;62;Systems Analyst I;3;1;1;1;2;1;1;1;PG03
987;15;Systems Analyst;63;Systems Analyst II;5;4;1;3;3;4;3;4;PG05
988;15;Systems Analyst;64;Systems Analyst III;6;5;2;4;4;5;7;5;PG06
989;15;Systems Analyst;65;Systems Analyst IV;8;5;5;6;5;6;7;7;PG08
990;15;Systems Analyst;66;Systems Analyst V;10;5;5;6;6;7;8;11;PG10
991;1;Accounting And Finance;1;Accountant I;5;3;1;3;3;4;3;5;PG05
992;1;Accounting And Finance;2;Accountant II;6;4;1;5;4;5;7;7;PG06
993;1;Accounting And Finance;3;Accountant III;8;4;2;6;5;6;7;10;PG08
994;1;Accounting And Finance;4;Accountant IV;10;5;5;6;6;7;8;11;PG10
995;2;Administrative Support;5;Admin Support I;1;1;0;1;1;1;1;1;PG01
996;2;Administrative Support;6;Admin Support II;2;1;1;1;1;1;2;3;PG02
997;2;Administrative Support;7;Admin Support III;3;1;2;1;2;1;3;3;PG03
998;2;Administrative Support;8;Administrative Support IV;4;4;0;1;2;1;3;5;PG04
999;2;Administrative Support;9;Administrative Support V;5;4;0;4;3;5;7;7;PG05
1000;3;Baker;10;Baker I;4;2;0;1;4;1;1;2;PG04
1001;3;Baker;11;Baker II;6;2;0;3;4;1;6;4;PG06
1002;3;Baker;12;Baker III;9;2;0;4;5;5;6;10;PG09
1003;4;Buildings And Facilities;13;Facilities I;5;1;0;3;4;3;7;4;PG05
1004;4;Buildings And Facilities;14;Facilities II;6;3;0;3;4;5;6;7;PG06
1005;4;Buildings And Facilities;15;Facilities III;9;4;0;4;5;7;6;10;PG09
1006;4;Buildings And Facilities;16;Facilities IV;10;5;0;6;6;7;8;11;PG10
1007;4;Buildings And Facilities;44;Maintenance Services I;2;1;0;1;2;1;1;1;PG02
1008;4;Buildings And Facilities;45;Maintenance Services II;3;1;1;1;2;1;1;1;PG03
1009;4;Buildings And Facilities;46;Maintenance Services III;4;1;1;3;3;4;3;2;PG04
1010;4;Buildings And Facilities;47;Maintenance Services IV;5;3;2;3;4;5;8;4;PG05
1011;5;Buyer;17;Buyer II;5;2;1;3;3;4;3;5;PG05
1012;5;Buyer;18;Buyer III;8;4;0;6;5;6;7;8;PG08
1013;5;Buyer;19;Buyer IV;9;4;10;6;5;6;7;9;PG09
1014;6;Cashier;20;Cashier I;1;1;2;2;1;2;1;1;PG01
1015;6;Cashier;21;Cashier II;3;3;3;2;3;4;2;1;PG03
1016;6;Cashier;22;Cashier III;6;4;2;4;4;5;7;7;PG06
1017;7;Communications And Media;23;Communications I;4;2;0;1;3;4;4;1;PG04
1018;7;Communications And Media;24;Communications II;5;4;0;1;2;1;3;4;PG05
1019;7;Communications And Media;25;Communications III;8;5;2;5;5;6;7;10;PG08
1020;7;Communications And Media;26;Photographer  I;2;1;0;1;1;1;1;1;PG02
1021;7;Communications And Media;27;Photographer II;3;1;1;1;2;1;3;3;PG03
1022;7;Communications And Media;28;Photographer III;5;4;0;1;3;1;4;3;PG05
1023;7;Communications And Media;29;Photographer IV;7;4;0;3;4;5;7;7;PG07
1024;7;Communications And Media;30;Printing II;2;1;0;1;2;1;1;1;PG02
1025;7;Communications And Media;31;Printing III;4;1;0;3;3;4;5;4;PG04
1026;7;Communications And Media;32;Printing IV;5;2;0;3;4;4;5;4;PG05
1027;8;Corporate Research;33;Data Scientist;10;6;5;6;6;7;7;11;PG10
1028;8;Corporate Research;34;Research  Analyst I;2;1;0;1;1;1;1;1;PG02
1029;8;Corporate Research;35;Research  Analyst II;4;3;0;3;2;1;1;1;PG04
1030;8;Corporate Research;36;Research  Analyst Iii;5;4;2;3;4;4;1;2;PG05
1031;8;Corporate Research;37;Research  Analyst IV;8;6;5;4;5;6;7;11;PG08
1032;9;Finance  And Accounting;38;Financial  Officer I;5;4;1;3;4;4;3;5;PG05
1033;9;Finance  And Accounting;39;Financial  Officer II;6;4;2;3;4;5;6;7;PG06
1034;9;Finance  And Accounting;40;Financial  Officer III;9;4;3;6;5;6;7;10;PG09
1035;10;Human Resources;41;Human Resources I;5;4;2;3;3;4;3;1;PG05
1036;10;Human Resources;42;Human Resources II;7;4;3;4;4;4;7;1;PG07
1037;10;Human Resources;43;Human Resources III;8;5;5;6;5;4;7;10;PG08
1038;11;Meat Cutter;48;Meat Cutter I;5;4;1;3;3;4;3;3;PG05
1039;11;Meat Cutter;49;Meat Cutter II;7;4;3;4;4;4;7;7;PG07
1040;11;Meat Cutter;50;Meat Cutter III;9;5;5;6;5;6;7;10;PG09
1041;11;Meat Cutter;51;Meat Cutter IV;10;5;5;6;6;7;8;11;PG10
1042;12;Produce;52;Produce I;3;1;1;3;3;4;4;2;PG03
1043;12;Produce;53;Produce II;6;4;1;4;4;4;6;2;PG06
1044;12;Produce;54;Produce III;7;4;3;4;4;5;6;7;PG07
1045;12;Produce;55;Produce IV;9;4;5;6;5;6;6;10;PG09
1046;12;Produce;56;Produce V;10;5;8;6;6;7;8;11;PG10
1047;13;Secretary;57;Secretary II;3;1;2;3;2;1;2;4;PG03
1048;13;Secretary;58;Secretary III;5;2;3;3;3;4;3;5;PG05
1049;14;Stockkeeping;59;StockKeeper I;4;3;0;1;2;1;3;1;PG04
1050;14;Stockkeeping;60;StockKeeper II;5;3;0;3;3;1;7;5;PG05
1051;14;Stockkeeping;61;StockKeeper III;8;4;0;4;5;6;7;7;PG08
1052;15;Systems Analyst;62;Systems Analyst I;3;1;1;1;2;1;1;1;PG03
1053;15;Systems Analyst;63;Systems Analyst II;5;4;1;3;3;4;3;4;PG05
1054;15;Systems Analyst;64;Systems Analyst III;6;5;2;4;4;5;7;5;PG06
1055;15;Systems Analyst;65;Systems Analyst IV;8;5;5;6;5;6;7;7;PG08
1056;15;Systems Analyst;66;Systems Analyst V;10;5;5;6;6;7;8;11;PG10
